"channel_name","video_title","category","keywords"
"Ligue 1 McDonald’s","Petits ponts, roulettes, sombrero : les MEILLEURS DRIBBLES de la saison | Ligue 1 McDonald's 24/25","Sports","Ligue 1 McDonald's, Ligue 1, L1, Ligue1, ligue1, ligue 1 mcdonald's, France, championnat de France, Football, foot, football, psg, PSG, paris, Paris SG, Paris Saint-Germain, OL, OM, Angers, Auxerre, Brest, FC Nantes, AS Monaco, Marseille, Olympique Lyonnais, Le Havre, RC Lens, LOSC, OGC Nice, Stade Rennais, ASSE, RC Strasbourg, Toulouse Football Club, 2024-2025, résumé Ligue 1, résumés L1, Cherki, Rayan Cherki, Ousmane Dembélé, Dembélé, Mason Greenwood, Greenwood, Doué, Désiré Doué"
"Ligue 1 McDonald’s","Comment Geronimo Rulli TRANSFORME les 6 mètres de l'OM | Face au Jeu #11","Sports","Ligue 1 McDonald's, Ligue 1, L1, Ligue1, ligue1, ligue 1 mcdonald's, France, championnat de France, Football, foot, football, psg, PSG, paris, Paris SG, Paris Saint-Germain, OL, OM, Angers, Auxerre, Brest, FC Nantes, AS Monaco, Marseille, Olympique Lyonnais, Le Havre, RC Lens, LOSC, MHSC, OGC Nice, Stade de Reims, Stade Rennais, ASSE, RC Strasbourg, Toulouse Football Club, 2024-2025, résumé Ligue 1, résumés L1, Geronimo Rulli, Rulli, Rulli OM, 6 mètres, olympique de marseille, marseille"
"Ligue 1 McDonald’s","Ousmane Dembélé : 10 minutes SENSATIONNELLES du MVP de la saison 2024/2025 🌟","Sports","Ligue 1 McDonald's, Ligue 1, L1, Ligue1, ligue1, ligue 1 mcdonald's, France, championnat de France, Football, foot, football, psg, PSG, paris, Paris SG, Paris Saint-Germain, OL, OM, Angers, Auxerre, Brest, FC Nantes, AS Monaco, Marseille, Olympique Lyonnais, Le Havre, RC Lens, LOSC, OGC Nice, Stade de Reims, Stade Rennais, ASSE, RC Strasbourg, Toulouse Football Club, 2024-2025, résumé Ligue 1, résumés L1, Ousmane Dembélé, Dembélé, Dembélé PSG, Dembélé ligue des champions, dembélé, dembélé psg"
"Ligue 1 McDonald’s","OL, OM, Monaco : les plus BEAUX BUTS COLLECTIFS de la saison ​| Ligue 1 McDonald's 24/25","Sports","Ligue 1 McDonald's, Ligue 1, L1, Ligue1, ligue1, ligue 1 mcdonald's, France, championnat de France, Football, foot, football, psg, PSG, paris, Paris SG, Paris Saint-Germain, OL, OM, Angers, Auxerre, Brest, FC Nantes, AS Monaco, Marseille, Olympique Lyonnais, Le Havre, RC Lens, LOSC, MHSC, OGC Nice, Stade de Reims, Stade Rennais, ASSE, RC Strasbourg, Toulouse Football Club, 2024-2025, résumé Ligue 1, résumés L1, om, ol, Monaco, ASM, Cherki, Greenwood, Top buts, top goals, but collectif"
"Ligue 1 McDonald’s","REIMS - METZ : le FILM des BARRAGES","Sports","Ligue 1 McDonald's, Ligue 1, L1, Ligue1, ligue1, ligue 1 mcdonald's, France, championnat de France, Football, foot, football, psg, PSG, paris, Paris SG, Paris Saint-Germain, OL, OM, Angers, Auxerre, Brest, FC Nantes, AS Monaco, Marseille, Olympique Lyonnais, Le Havre, RC Lens, LOSC, MHSC, OGC Nice, Stade de Reims, Stade Rennais, ASSE, RC Strasbourg, Toulouse Football Club, 2024-2025, résumé Ligue 1, résumés L1"
"Ligue 1 McDonald’s","STADE DE REIMS - FC METZ - Barrage Retour - Ligue 1 McDonald's 24/25","Sports","2024-2025, ASMonaco, ASSE, Angers, Auxerre, Brest, FCNantes, Football, France, L1, LOSC, LeHavre, Lens, Ligue1, Ligue1McDonald's, MHSC, Marseille, Nice, OGCNice, OL, OM, OlympiqueLyonnais, PSG, ParisSG, ParisSaint-Germain, RCL, RCLens, RCStrasbourg, StadeRennais, StadedeReims, ToulouseFootballClub, championnatdeFrance, english, foot, football, ligue1, ligue1mcdonald's, marseille, nice, paris, psg, résuméLigue1, résumésL1"
"Ligue 1 McDonald’s","Le CONTRE-PRESSING du PSG de Luis Enrique, un MODÈLE du genre | Face au Jeu #10","Sports","Ligue 1 McDonald's, Ligue 1, L1, Ligue1, ligue1, ligue 1 mcdonald's, France, championnat de France, Football, foot, football, psg, PSG, paris, Paris SG, Paris Saint-Germain, OL, OM, Angers, Auxerre, Brest, FC Nantes, AS Monaco, Marseille, Olympique Lyonnais, Le Havre, RC Lens, LOSC, MHSC, OGC Nice, Stade de Reims, Stade Rennais, ASSE, RC Strasbourg, Toulouse Football Club, 2024-2025, résumé Ligue 1, résumés L1, Luis Enrique, gegenpressing, contre-pressing, psg luis enrique"
"Ligue 1 McDonald’s","Greenwood, Abline, Zaroury : les BUTS les plus PUISSANTS de la saison💥​| Ligue 1 McDonald's 24/25","Sports","2024-2025, ASMonaco, ASSE, Angers, Auxerre, Brest, FCNantes, Football, France, L1, LOSC, LeHavre, Ligue1, Ligue1McDonald's, MHSC, Marseille, OGCNice, OL, OM, PSG, ParisSG, ParisSaint-Germain, RCLens, RCStrasbourg, StadeRennais, StadedeReims, ToulouseFootballClub, championnatdeFrance, foot, football, ligue1, ligue1mcdonald's, paris, psg, résuméLigue1, résumésL1, Greenwood, marseille, om, Mason Greenwood, Greenwood OM, Matias Fernandez-Pardo, Fernandez-Pardo, Lille, frappe de loin Ligue 1, frappe surpuissante, power shot"
"Ligue 1 McDonald’s","Comment Liam Rosenior a BOULEVERSÉ le JEU de Strasbourg | Face au Jeu #9","Sports","Ligue 1 McDonald's, Ligue 1, L1, Ligue1, ligue1, ligue 1 mcdonald's, France, championnat de France, Football, foot, football, psg, PSG, paris, Paris SG, Paris Saint-Germain, OL, OM, Angers, Auxerre, Brest, FC Nantes, AS Monaco, Marseille, Olympique Lyonnais, Le Havre, RC Lens, LOSC, MHSC, OGC Nice, Stade de Reims, Stade Rennais, ASSE, RC Strasbourg, Toulouse Football Club, 2024-2025, résumé Ligue 1, résumés L1, Liam Rosenior, Rosenior, Strasbourg, Rosenior Strasbourg, Emegha, Emanuel Emegha, RCSA"
"Ligue 1 McDonald’s","Qui est le CRACK de la saison en Ligue 1 ? On fait le BILAN 🤔​| Crackitomètre #5","Sports","Ligue 1 McDonald's, Ligue 1, L1, Ligue1, ligue1, ligue 1 mcdonald's, France, championnat de France, Football, foot, football, psg, PSG, paris, Paris SG, Paris Saint-Germain, OL, OM, FC Nantes, AS Monaco, Marseille, Olympique Lyonnais, Le Havre, LOSC, MHSC, OGC Nice, ASSE, RC Strasbourg, Toulouse Football Club, 2024-2025, résumé Ligue 1, résumés L1, Désiré Doué, Doué PSG, doué paris, doué, Cherki, Cherki OL, cherki, Cherki Lyon, Rayan Cherki, Andrey santos, Stassin, crackitomètre, crack Ligue 1"
"Ligue 1 McDonald’s","Rulli, Bulka, Chevalier : Les MEILLEURS ARRÊTS de la saison | Ligue 1 McDonald's 24/25","Sports","2024-2025, ASMonaco, ASSE, Angers, Auxerre, Brest, FCNantes, Football, France, L1, LOSC, LeHavre, Ligue1, Ligue1McDonald's, MHSC, Marseille, OGCNice, OL, OM, OlympiqueLyonnais, PSG, ParisSG, ParisSaint-Germain, RCLens, RCStrasbourg, StadeRennais, StadedeReims, ToulouseFootballClub, championnatdeFrance, foot, football, ligue1, ligue1mcdonald's, paris, psg, résuméLigue1, résumésL1, Bulka, Lucas Chevalier, Marcin Bulka, Yehvann Diouf, Donovan Léon, Anthony Lopes, Lucas Perri, Djordje Petrovic, Gerónimo Rulli"
"Ligue 1 McDonald’s","Cherki, João Neves, Camara: Les plus BELLES PASSES DÉCISIVES de la saison | Ligue 1 McDonald's 24/25","Sports","2024-2025, ASMonaco, ASSE, Angers, Auxerre, Brest, FCNantes, Football, France, L1, LOSC, LeHavre, Ligue1, Ligue1McDonald's, MHSC, Marseille, OGCNice, OL, OM, OlympiqueLyonnais, PSG, ParisSG, ParisSaint-Germain, RCLens, RCStrasbourg, StadeRennais, StadedeReims, ToulouseFootballClub, championnatdeFrance, foot, football, ligue1, ligue1mcdonald's, paris, psg, résuméLigue1, résumésL1"
"Ligue 1 McDonald’s","99 MINUTES pour rêver : L'IRRESPIRABLE course à l'Europe","Sports","Ligue 1 McDonald's, Ligue 1, L1, Ligue1, ligue1, ligue 1 mcdonald's, France, Football, foot, football, psg, PSG, paris, Paris SG, Paris Saint-Germain, OL, OM, Auxerre, Brest, FC Nantes, AS Monaco, Marseille, Olympique Lyonnais, Le Havre, RC Lens, LOSC, OGC Nice, Stade de Reims, Stade Rennais, ASSE, RC Strasbourg, 2024-2025, résumé Ligue 1, résumés L1, RC STRASBOURG, strasbourg, marc keller, nice, course à l'europe ligue 1, lyon, ol, lacazette, david, panenka, medina, mandanda, balerdi, benatia, longoria"
"Ligue 1 McDonald’s","Akliouche, Gouiri, Andrey Santos : les PLUS BEAUX BUTS de la saison | Ligue 1 McDonald's 24/25","Sports","2024-2025, ASMonaco, ASSE, Angers, Auxerre, Brest, FCNantes, Football, France, L1, LOSC, LeHavre, Ligue1, Ligue1McDonald's, MHSC, Marseille, OGCNice, OL, OM, OlympiqueLyonnais, PSG, ParisSG, ParisSaint-Germain, RCLens, RCStrasbourg, StadeRennais, StadedeReims, ToulouseFootballClub, championnatdeFrance, foot, football, ligue1, ligue1mcdonald's, paris, psg, résuméLigue1, résumésL1, Akliouche, Akliouche but, Gouiri, Gouiri OM, Gouiri but, Gouiri but OM, Andrey Santos, om, Akliouche but Monaco, but ligue 1, top but ligue 1"
"Ligue 1 McDonald’s","Caio Henrique, le LATÉRAL ULTRA-DÉCISIF de Ligue 1 | Face au Jeu #8","Sports","Ligue 1 McDonald's, Ligue 1, L1, Ligue1, ligue1, ligue 1 mcdonald's, France, championnat de France, Football, foot, football, psg, PSG, paris, Paris SG, Paris Saint-Germain, OL, OM, Angers, Auxerre, Brest, FC Nantes, AS Monaco, Marseille, Olympique Lyonnais, Le Havre, RC Lens, LOSC, MHSC, OGC Nice, Stade de Reims, Stade Rennais, ASSE, RC Strasbourg, Toulouse Football Club, 2024-2025, résumé Ligue 1, résumés L1, Monaco, Caio Henrique, Caio Henrique Monaco, Face au Jeu Caio Henrique"
"Ligue 1 McDonald’s","FC METZ - STADE DE REIMS - Barrage Aller - Ligue 1 McDonald's 24/25","Sports","2024-2025, ASMonaco, ASSE, Angers, Auxerre, Brest, FCNantes, Football, France, L1, LOSC, LeHavre, Lens, Ligue1, Ligue1McDonald's, MHSC, Marseille, Nice, OGCNice, OL, OM, OlympiqueLyonnais, PSG, ParisSG, ParisSaint-Germain, RCL, RCLens, RCStrasbourg, StadeRennais, StadedeReims, ToulouseFootballClub, VCP, championnatdeFrance, english, foot, football, ligue1, ligue1mcdonald's, marseille, nice, paris, psg, résuméLigue1, résumésL1"
"Ligue 1 McDonald’s","Kvaratskhelia, Dembélé, Doué : les 10 plus BEAUX BUTS du PSG | Ligue 1 McDonald's 2024/25","Sports","2024-2025, ASMonaco, ASSE, Angers, Auxerre, Brest, FCNantes, Football, France, L1, LOSC, LeHavre, Ligue1, Ligue1McDonald's, MHSC, Marseille, OGCNice, OM, OlympiqueLyonnais, PSG, ParisSG, ParisSaint-Germain, RCLens, RCStrasbourg, StadeRennais, StadedeReims, ToulouseFootballClub, championnatdeFrance, foot, football, ligue1, ligue1mcdonald's, paris, psg, résuméLigue1, résumésL1, Kvaratskhelia, Kvara, Kvara PSG, Dembélé, buts PSG, but psg, dembélé, dembélé psg, doué, désiré doué, ousmane dembélé psg, désiré doué but, doué but psg"
"Ligue 1 McDonald’s","Pourquoi Benjamin André DOMINE les AIRS en Ligue 1 | face au Jeu #7","Sports","Ligue 1 McDonald's, Ligue 1, L1, Ligue1, ligue1, ligue 1 mcdonald's, France, championnat de France, Football, foot, football, psg, PSG, paris, Paris SG, Paris Saint-Germain, OL, OM, Angers, Auxerre, Brest, FC Nantes, AS Monaco, Marseille, Olympique Lyonnais, Le Havre, RC Lens, LOSC, MHSC, OGC Nice, Stade de Reims, Stade Rennais, ASSE, RC Strasbourg, Toulouse Football Club, 2024-2025, résumé Ligue 1, résumés L1, Benjamin André, André, André LOSC, losc, Lille, Lille LOSC, benjamin andré"
"Ligue 1 McDonald’s","Kvaratskhelia BRILLE, le PSG RENVERSE Auxerre | 34ème journée - Ligue 1 McDonald's 24/25","Sports","Ligue 1 McDonald's, Ligue 1, L1, Ligue1, ligue1, ligue 1 mcdonald's, France, championnat de France, Football, foot, football, psg, PSG, paris, Paris SG, Paris Saint-Germain, OL, OM, Angers, Auxerre, Brest, FC Nantes, AS Monaco, Marseille, Olympique Lyonnais, Le Havre, RC Lens, LOSC, MHSC, OGC Nice, Stade de Reims, Stade Rennais, ASSE, RC Strasbourg, Toulouse Football Club, 2024-2025, résumé Ligue 1, résumés L1"
"Ligue 1 McDonald’s","Résumé 34ème journée | Ligue 1 McDonald's 24/25","Sports","2024-2025, ASMonaco, ASSE, Angers, Auxerre, Brest, FCNantes, Football, France, Highlights, L1, LOSC, LeHavre, Lens, Ligue1, Ligue1McDonald's, MHSC, Marseille, Nice, OGCNice, OL, OM, OlympiqueLyonnais, PSG, Paris, ParisSG, ParisSaint-Germain, RCL, RCLens, RCStrasbourg, StadeRennais, StadedeReims, ToulouseFootballClub, championnatdeFrance, english, foot, football, france, l1, ligue1, ligue1mcdonald's, paris, parissg, psg, résuméLigue1, résumésL1"
"Ligue 1 McDonald’s","Paris Saint-Germain - Olympique Lyonnais ( 5-0 ) - Résumé - (PARIS - OL) / 2018-19","Sports","PARIS OL, Paris Lyon, Résumé Paris Saint-Germain Olympique Lyonnais, Résumé PARIS OL, Paris Saint-Germain, Paris, Olympique Lyonnais, Lyon, résumé, buts, but, résumé Ligue 1 Conforama, ligue 1, ligue 1 Conforama, L1, championnat, journée, football, foot, match, France, sp:ty=high, sp:dt=2018-10-07T19:00:00Z, sp:vl=fr, sp:st=soccer, sp:li=france, sp:ti:home=PARIS, sp:ti:away=OL"
"Ligue 1 McDonald’s","LOSC LILLE - PARIS SAINT-GERMAIN (1 - 7) - Résumé - (LOSC - PSG) / 2022-2023","Sports","LOSC PSG, Lille Paris, Résumé LOSC LILLE PARIS SAINT-GERMAIN, Résumé LOSC PSG, LOSC LILLE, Lille, PARIS SAINT-GERMAIN, Paris, résumé, buts, but, résumé Ligue 1 Uber Eats, ligue 1, ligue 1 uber eats, L1, championnat, journée, football, foot, match, France, sp:ty=high, sp:dt=2022-08-21T20:45:00Z, sp:vl=fr, sp:st=soccer, sp:li=france, sp:ti:home=LOSC, sp:ti:away=PSG"
"Ligue 1 McDonald’s","Paris Saint-Germain - Olympique de Marseille ( 3-1 ) - Résumé - (PSG - OM) / 2018-19","Sports","PARIS OM, Paris Marseille, Résumé Paris Saint-Germain Olympique de Marseille, Résumé PARIS OM, Paris Saint-Germain, Paris, Olympique de Marseille, Marseille, résumé, buts, but, résumé Ligue 1 Conforama, ligue 1, ligue 1 Conforama, L1, championnat, journée, football, foot, match, France, sp:ty=high, sp:dt=2019-03-17T20:00:00Z, sp:vl=fr, sp:st=soccer, sp:li=france, sp:ti:home=PARIS, sp:ti:away=OM"
"Ligue 1 McDonald’s","L'incroyable but refusé de Thiago Silva ! / 2012-13","Sports","fait marquant, buzz, actualité, ligue 1, ligue1, league1, league 1, L1, D1, division 1, division1, football, foot, match, championnat, France, journée, thiago silva, but incroyable de Thiago Silva, but refusé ç Thiago Silva"
"Ligue 1 McDonald’s","Paris Saint-Germain - Dijon FCO (8-0) - Résumé - (PSG - DFCO) / 2017-18","Sports","Paris Saint-Germain Dijon FCO, PARIS DFCO, Paris Dijon, Résumé Paris Saint-Germain Dijon FCO, Résumé PARIS DFCO, Résumé Paris Dijon, Paris Saint-Germain, Paris, Dijon FCO, Dijon, résumé, résumé Ligue 1 Conforama, buts, but, ligue 1, ligue 1 Conforama, league 1, L1, championnat, journée, football, foot, match, France, sp:ty=high, sp:dt=2018-01-17T20:00:00Z, sp:vl=fr, sp:st=soccer, sp:li=france, sp:ti:home=PARIS, sp:ti:away=DFCO"
"Ligue 1 McDonald’s","Paris Saint-Germain - Toulouse FC (6-2)  - Résumé - (PSG - TFC) / 2017-18","Sports","Paris Saint-Germain Toulouse FC, PARIS TFC, Paris Toulouse, Résumé Paris Saint-Germain Toulouse FC, Résumé PARIS TFC, Résumé Paris Toulouse, Paris Saint-Germain, Paris, Toulouse FC, Toulouse, résumé, résumé Ligue 1 Conforama, buts, but, ligue 1, ligue 1 Conforama, league 1, L1, championnat, journée, football, foot, match, France, sp:ty=high, sp:dt=2017-08-20T19:00:00Z, sp:vl=fr, sp:st=soccer, sp:li=france, sp:ti:home=PARIS, sp:ti:away=TFC"
"Ligue 1 McDonald’s","PARIS SAINT-GERMAIN - OLYMPIQUE DE MARSEILLE(0 - 1 ) - Résumé - (PARIS SG - OM) / 2020/2021","Sports","PARIS SG OM, Paris Marseille, Résumé PARIS SAINT-GERMAIN OLYMPIQUE DE MARSEILLE, Résumé PARIS SG OM, PARIS SAINT-GERMAIN, Paris, OLYMPIQUE DE MARSEILLE, Marseille, résumé, buts, but, résumé Ligue 1 Uber Eats, ligue 1, ligue 1 uber eats, L1, championnat, journée, football, foot, match, France, sp:ty=high, sp:dt=2020-09-13T21:00:00Z, sp:vl=fr, sp:st=soccer, sp:li=france, sp:ti:home=PARIS SG, sp:ti:away=OM"
"Ligue 1 McDonald’s","Paris Saint-Germain - Olympique de Marseille ( 4-0 ) - Résumé - (PARIS - OM) / 2019-20","Sports","PARIS OM, Paris Marseille, Résumé Paris Saint-Germain Olympique de Marseille, Résumé PARIS OM, Paris Saint-Germain, Paris, Olympique de Marseille, Marseille, résumé, buts, but, résumé Ligue 1 Conforama, ligue 1, ligue 1 Conforama, L1, championnat, journée, football, foot, match, France, sp:ty=high, sp:dt=2019-10-27T20:00:00Z, sp:vl=fr, sp:st=soccer, sp:li=france, sp:ti:home=PARIS, sp:ti:away=OM"
"Ligue 1 McDonald’s","La gifle d'Audard à Valbuena / 2012-13","Sports","fait marquant, buzz, actualité, ligue 1, ligue1, league1, league 1, L1, D1, division 1, division1, football, foot, match, championnat, France, journée, Giffle d'Audard à Valbuena"
"Ligue 1 McDonald’s","AS Monaco - Paris Saint-Germain ( 1-4 ) - Résumé - (ASM - PARIS) / 2019-20","Sports","ASM PARIS, Monaco Paris, Résumé AS Monaco Paris Saint-Germain, Résumé ASM PARIS, AS Monaco, Monaco, Paris Saint-Germain, Paris, résumé, buts, but, résumé Ligue 1 Conforama, ligue 1, ligue 1 Conforama, L1, championnat, journée, football, foot, match, France, sp:ty=high, sp:dt=2020-01-15T20:00:00Z, sp:vl=fr, sp:st=soccer, sp:li=france, sp:ti:home=ASM, sp:ti:away=PARIS"
"Ligue 1 McDonald’s","OLYMPIQUE DE MARSEILLE - PARIS SAINT-GERMAIN (0 - 3) - Résumé - (OM - PSG) / 2022-2023","Sports","OM PSG, Marseille Paris, Résumé OLYMPIQUE DE MARSEILLE PARIS SAINT-GERMAIN, Résumé OM PSG, OLYMPIQUE DE MARSEILLE, Marseille, PARIS SAINT-GERMAIN, Paris, résumé, buts, but, résumé Ligue 1 Uber Eats, ligue 1, ligue 1 uber eats, L1, championnat, journée, football, foot, match, France, sp:ty=high, sp:dt=2023-02-26T20:45:00Z, sp:vl=fr, sp:st=soccer, sp:li=france, sp:ti:home=OM, sp:ti:away=PSG"
"Ligue 1 McDonald’s","AS Monaco - Paris Saint-Germain ( 0-4 ) - Résumé - (ASM - PSG) / 2018-19","Sports","ASM PARIS, Monaco Paris, Résumé AS Monaco Paris Saint-Germain, Résumé ASM PARIS, AS Monaco, Monaco, Paris Saint-Germain, Paris, résumé, buts, but, résumé Ligue 1 Conforama, ligue 1, ligue 1 Conforama, L1, championnat, journée, football, foot, match, France, sp:ty=high, sp:dt=2018-11-11T20:00:00Z, sp:vl=fr, sp:st=soccer, sp:li=france, sp:ti:home=ASM, sp:ti:away=PARIS"
"Ligue 1 McDonald’s","LOSC - Paris Saint-Germain ( 5-1 ) - Résumé - (LOSC - PARIS) / 2018-19","Sports","LOSC PARIS, Lille Paris, Résumé LOSC Paris Saint-Germain, Résumé LOSC PARIS, LOSC, Lille, Paris Saint-Germain, Paris, résumé, buts, but, résumé Ligue 1 Conforama, ligue 1, ligue 1 Conforama, L1, championnat, journée, football, foot, match, France, sp:ty=high, sp:dt=2019-04-14T19:00:00Z, sp:vl=fr, sp:st=soccer, sp:li=france, sp:ti:home=LOSC, sp:ti:away=PARIS"
"Ligue 1 McDonald’s","Résumé GRAND FORMAT / PSG - FC Nantes (4-0) / Trophée des champions 2022","Sports","동영상, 공유, 카메라폰, 동영상폰, 무료, 올리기"
"Ligue 1 McDonald’s","Olympique Lyonnais - Paris Saint-Germain ( 0-1 ) - Résumé - (OL - PARIS) / 2019-20","Sports","OL PARIS, Lyon Paris, Résumé Olympique Lyonnais Paris Saint-Germain, Résumé OL PARIS, Olympique Lyonnais, Lyon, Paris Saint-Germain, Paris, résumé, buts, but, résumé Ligue 1 Conforama, ligue 1, ligue 1 Conforama, L1, championnat, journée, football, foot, match, France, sp:ty=high, sp:dt=2019-09-22T19:00:00Z, sp:vl=fr, sp:st=soccer, sp:li=france, sp:ti:home=OL, sp:ti:away=PARIS"
"Ligue 1 McDonald’s","Paris Saint-Germain - Girondins de Bordeaux (6-2) - Résumé - (PSG - GdB) / 2017-18","Sports","Paris Saint-Germain Girondins de Bordeaux, PARIS GdB, Paris Bordeaux, Résumé Paris Saint-Germain Girondins de Bordeaux, Résumé PARIS GdB, Résumé Paris Bordeaux, Paris Saint-Germain, Paris, Girondins de Bordeaux, Bordeaux, résumé, résumé Ligue 1 Conforama, buts, but, ligue 1, ligue 1 Conforama, league 1, L1, championnat, journée, football, foot, match, France, sp:ty=high, sp:dt=2017-09-30T15:00:00Z, sp:vl=fr, sp:st=soccer, sp:li=france, sp:ti:home=PARIS, sp:ti:away=GdB"
"Ligue 1 McDonald’s","Paris Saint-Germain - AS Monaco ( 3-3 ) - Résumé - (PARIS - ASM) / 2019-20","Sports","PARIS ASM, Paris Monaco, Résumé Paris Saint-Germain AS Monaco, Résumé PARIS ASM, Paris Saint-Germain, Paris, AS Monaco, Monaco, résumé, buts, but, résumé Ligue 1 Conforama, ligue 1, ligue 1 Conforama, L1, championnat, journée, football, foot, match, France, sp:ty=high, sp:dt=2020-01-12T20:00:00Z, sp:vl=fr, sp:st=soccer, sp:li=france, sp:ti:home=PARIS, sp:ti:away=ASM"
"Ligue 1 McDonald’s","Olympique de Marseille - Paris Saint-Germain ( 0-2 ) - Résumé - (OM - PSG) / 2018-19 [CLASSICO]","Sports","OM PARIS, Marseille Paris, Résumé Olympique de Marseille Paris Saint-Germain, Résumé OM PARIS, Olympique de Marseille, Marseille, Paris Saint-Germain, Paris, résumé, buts, but, résumé Ligue 1 Conforama, ligue 1, ligue 1 Conforama, L1, championnat, journée, football, foot, match, France, sp:ty=high, sp:dt=2018-10-28T20:00:00Z, sp:vl=fr, sp:st=soccer, sp:li=france, sp:ti:home=OM, sp:ti:away=PARIS"
"Ligue 1 McDonald’s","Olympique de Marseille - Paris Saint-Germain (2-2) - Résumé - (OM - PSG) / 2017-18J10","Sports","Marseille, PSG, OM, Paris, Vélodrome, 10ème journée, Championnat"
"Ligue 1 McDonald’s","Paris Saint-Germain - EA Guingamp ( 9-0 ) - Résumé - (PARIS - EAG) / 2018-19","Sports","PARIS EAG, Paris Guingamp, Résumé Paris Saint-Germain EA Guingamp, Résumé PARIS EAG, Paris Saint-Germain, Paris, EA Guingamp, Guingamp, résumé, buts, but, résumé Ligue 1 Conforama, ligue 1, ligue 1 Conforama, L1, championnat, journée, football, foot, match, France, sp:ty=high, sp:dt=2019-01-19T16:00:00Z, sp:vl=fr, sp:st=soccer, sp:li=france, sp:ti:home=PARIS, sp:ti:away=EAG"
"1분요리 뚝딱이형","여유가 된다면 이건 무조건 만들어 보세요. 애들이 너무 좋아합니다.","People , Blogs","1분요리, 간단한레시피, cook, cooking, 간단요리, 자취요리, 레시피, 찌개레시피, 초간단레시피"
"1분요리 뚝딱이형","딱 지금!!! 이 시기에 이거 모르면 진짜 손해봅니다.","People , Blogs","1분요리, 간단한레시피, cook, cooking, 간단요리, 자취요리, 레시피, 찌개레시피, 초간단레시피"
"1분요리 뚝딱이형","아는 동생 가게에 메뉴를 하나 만들어줬는데 접시까지 핥아먹더라고요...","People , Blogs","1분요리, 간단한레시피, cook, cooking, 간단요리, 자취요리, 레시피, 찌개레시피, 초간단레시피"
"1분요리 뚝딱이형","진짜 실생활에 도움이 되는 초간단 야매 레시피","People , Blogs","1분요리, 간단한레시피, cook, cooking, 간단요리, 자취요리, 레시피, 찌개레시피, 초간단레시피"
"1분요리 뚝딱이형","전 세계에서 한국인들만 유독 맛없게 먹고 있던 음식...","People , Blogs","1분요리, 간단한레시피, cook, cooking, 간단요리, 자취요리, 레시피, 찌개레시피, 초간단레시피"
"1분요리 뚝딱이형","너무 맛있어서 결국 영상까지 만들었습니다.","People , Blogs","1분요리, 간단한레시피, cook, cooking, 간단요리, 자취요리, 레시피, 찌개레시피, 초간단레시피"
"1분요리 뚝딱이형","진짜 드럽게 맛있네","People , Blogs","1분요리, 간단한레시피, cook, cooking, 간단요리, 자취요리, 레시피, 찌개레시피, 초간단레시피"
"1분요리 뚝딱이형","이것보다 맛있는 삼겹살 레시피는 없습니다.","People , Blogs","1분요리, 간단한레시피, cook, cooking, 간단요리, 자취요리, 레시피, 찌개레시피, 초간단레시피"
"1분요리 뚝딱이형","비싼 데는 이유가 있었습니다... 이건 무조건 사 드세요!!","People , Blogs","1분요리, 간단한레시피, cook, cooking, 간단요리, 자취요리, 레시피, 찌개레시피, 초간단레시피"
"1분요리 뚝딱이형","가끔은 이렇게 뻔한 맛이 땅깁니다.","People , Blogs","1분요리, 간단한레시피, cook, cooking, 간단요리, 자취요리, 레시피, 찌개레시피, 초간단레시피"
"1분요리 뚝딱이형","시키는 대로만 하세요. 인생 닭볶음탕이 나올 겁니다.","People , Blogs","1분요리, 간단한레시피, cook, cooking, 간단요리, 자취요리, 레시피, 찌개레시피, 초간단레시피"
"1분요리 뚝딱이형","호프집 사장님들 이대로 만들어서 파시면 됩니다.","People , Blogs","1분요리, 간단한레시피, cook, cooking, 간단요리, 자취요리, 레시피, 찌개레시피, 초간단레시피"
"1분요리 뚝딱이형","일본 엄마들이 자주 해주는 국민 밥반찬","People , Blogs","1분요리, 간단한레시피, cook, cooking, 간단요리, 자취요리, 레시피, 찌개레시피, 초간단레시피"
"1분요리 뚝딱이형","중국집 사장님들 보면 뒤집어지는 야매 탕수육 레시피","People , Blogs","1분요리, 간단한레시피, cook, cooking, 간단요리, 자취요리, 레시피, 찌개레시피, 초간단레시피"
"1분요리 뚝딱이형","집에서 대박 고깃집 맛을 내는 방법!!!","People , Blogs","1분요리, 간단한레시피, cook, cooking, 간단요리, 자취요리, 레시피, 찌개레시피, 초간단레시피"
"1분요리 뚝딱이형","어떻게 사람 음식 이름이 '더러운 밥' 이냐고 ㅋㅋㅋ","People , Blogs","1분요리, 간단한레시피, cook, cooking, 간단요리, 자취요리, 레시피, 찌개레시피, 초간단레시피"
"1분요리 뚝딱이형","천만 조회수 나왔던 전라도에서 가장 맛있게 먹었던 음식","People , Blogs","1분요리, 간단한레시피, cook, cooking, 간단요리, 자취요리, 레시피, 찌개레시피, 초간단레시피"
"1분요리 뚝딱이형","님들이 원하던 간단하면서 맛있는 거 가져왔습니다.","People , Blogs","1분요리, 간단한레시피, cook, cooking, 간단요리, 자취요리, 레시피, 찌개레시피, 초간단레시피"
"1분요리 뚝딱이형","다들 먹었지만 정체는 몰랐던 그 재료","People , Blogs","1분요리, 간단한레시피, cook, cooking, 간단요리, 자취요리, 레시피, 찌개레시피, 초간단레시피"
"1분요리 뚝딱이형","지금은 유행이지만 불과 3년 전만 해도 아무도 안 먹던 음식","People , Blogs","1분요리, 간단한레시피, cook, cooking, 간단요리, 자취요리, 레시피, 찌개레시피, 초간단레시피"
"1분요리 뚝딱이형","취할 수밖에 없는 라면","People , Blogs","1분요리, 간단한레시피, cook, cooking, 간단요리, 자취요리, 레시피, 찌개레시피, 초간단레시피"
"1분요리 뚝딱이형","와이프가 이걸 먹더니 우리 치킨집 차리자는데 누가 좀 말려주세요","People , Blogs","1분요리, 간단한레시피, cook, cooking, 간단요리, 자취요리, 레시피, 찌개레시피, 초간단레시피"
"1분요리 뚝딱이형","이 영상을 지코바 치킨 사장님이 싫어합니다","People , Blogs","1분요리, 간단한레시피, cook, cooking, 간단요리, 자취요리, 레시피, 찌개레시피, 초간단레시피"
"1분요리 뚝딱이형","요리사들이 수육 삶을 때 절대로 넣지 않는 게 있습니다.(공유)","People , Blogs","1분요리, 간단한레시피, cook, cooking, 간단요리, 자취요리, 레시피, 찌개레시피, 초간단레시피"
"1분요리 뚝딱이형","하루 200마리씩 파는 강서구 배달 1등 닭볶음탕 전문점 레시피","People , Blogs","1분요리, 간단한레시피, cook, cooking, 간단요리, 자취요리, 레시피, 찌개레시피, 초간단레시피"
"1분요리 뚝딱이형","폐업 직전의 기사식당을 유명 대박집으로 만들어준 오징어볶음 레시피","People , Blogs","1분요리, 간단한레시피, cook, cooking, 간단요리, 자취요리, 레시피, 찌개레시피, 초간단레시피"
"1분요리 뚝딱이형","청담동 유명 고깃집 된장찌개 따라하기 1분 초간단 레시피","People , Blogs","먹방, 음식, 간단요리, 레시피, 꿀팁, food, 요리, 한식, 양식, 떡볶이"
"1분요리 뚝딱이형","만들어 보면 그 가격이 비싼 게 아니구나 깨닫는 음식 1위","People , Blogs","1분요리, 간단한레시피, cook, cooking, 간단요리, 자취요리, 레시피, 찌개레시피, 초간단레시피"
"1분요리 뚝딱이형","4천 원으로 사흘까진 무리이고 이틀은 충분히 해결 가능한 요리","People , Blogs","1분요리, 간단한레시피, cook, cooking, 간단요리, 자취요리, 레시피, 찌개레시피, 초간단레시피"
"1분요리 뚝딱이형","냄비 하나로 순식간에 만드는 한식뷔페  '잡채' 레시피","People , Blogs","1분요리, 간단한레시피, cook, cooking, 간단요리, 자취요리, 레시피, 찌개레시피, 초간단레시피"
"1분요리 뚝딱이형","서울 사람들은 진짜 이거 모름  ???","People , Blogs","1분요리, 간단한레시피, cook, cooking, 간단요리, 자취요리, 레시피, 찌개레시피, 초간단레시피"
"1분요리 뚝딱이형","유행이 지났어?? 그럼 더 맛있게 만들면 되지","People , Blogs","1분요리, 간단한레시피, cook, cooking, 간단요리, 자취요리, 레시피, 찌개레시피, 초간단레시피"
"1분요리 뚝딱이형","최소 90% 이상 똑같습니다.","People , Blogs","1분요리, 간단한레시피, cook, cooking, 간단요리, 자취요리, 레시피, 찌개레시피, 초간단레시피"
"1분요리 뚝딱이형","최다 요청 메뉴 '제육볶음' 레시피 진한 양념이 매력적인 기사식당 스타일로","People , Blogs","1분요리, 간단한레시피, cook, cooking, 간단요리, 자취요리, 레시피, 찌개레시피, 초간단레시피"
"1분요리 뚝딱이형","이빨 없이 먹을 수 있는 음식 1위","People , Blogs","1분요리, 간단한레시피, cook, cooking, 간단요리, 자취요리, 레시피, 찌개레시피, 초간단레시피"
"1분요리 뚝딱이형","진짜 극도로 위험한 발암물질","People , Blogs","1분요리, 간단한레시피, cook, cooking, 간단요리, 자취요리, 레시피, 찌개레시피, 초간단레시피"
"1분요리 뚝딱이형","오백만 원짜리 마약찜닭 레시피 (진심)","People , Blogs","1분요리, 간단한레시피, cook, cooking, 간단요리, 자취요리, 레시피, 찌개레시피, 초간단레시피"
"1분요리 뚝딱이형","급식과 짬밥 때문에 편견이 생겨 전 국민 기피 대상 음식 1위","People , Blogs","1분요리, 간단한레시피, cook, cooking, 간단요리, 자취요리, 레시피, 찌개레시피, 초간단레시피"
"1분요리 뚝딱이형","진짜 여성분만을 위해 개발한 메뉴","People , Blogs","1분요리, 간단한레시피, cook, cooking, 간단요리, 자취요리, 레시피, 찌개레시피, 초간단레시피"
"1분요리 뚝딱이형","창작은 힘들지만 표절은 쉽다구","People , Blogs","1분요리, 간단한레시피, cook, cooking, 간단요리, 자취요리, 레시피, 찌개레시피, 초간단레시피"
"땅콩 Peanut","어몽어스 VS  Italian Brainrot  ANIMATION 66","Film , Animation","어몽어스, 어몽어스 애니메이션, AMONG US, 몬스터, Peanut, 공포, 괴담, 애니메이션, 게임, game, 땅콩, 땅콩peanut, animation, monster, Italian Brainrot, 퉁퉁퉁사후르, Tralalero Tralala"
"땅콩 Peanut","어몽어스 VS  Garten of Banban0  ANIMATION 65","Film , Animation","어몽어스, 어몽어스 애니메이션, AMONG US, 몬스터, Peanut, 공포, 괴담, 애니메이션, 게임, game, 땅콩, 땅콩peanut, animation, monster, 로블록스, Roblox, Garten of Banban, Opila Bird, Jumbo Josh, Banban, Banbaleena, banban0"
"땅콩 Peanut","어몽어스 VS Poppy Playtime 1~4","Film , Animation","어몽어스, 어몽어스 애니메이션, AMONG US, 몬스터, Peanut, 공포, 괴담, 애니메이션, 게임, game, 땅콩, 땅콩peanut, animation, 마미롱레그, 허기워기, Mommy long legs, Huggy Wuggy, poppy playtime chapter4, 켓넵, CatNap, Poppy Playtime"
"땅콩 Peanut","어몽어스 VS Poppy Playtime 4-2  ANIMATION 64","Film , Animation","어몽어스, 어몽어스 애니메이션, AMONG US, 몬스터, Peanut, 공포, 괴담, 애니메이션, 게임, game, 땅콩, 땅콩peanut, animation, 마미롱레그, 허기워기, Mommy long legs, Huggy Wuggy, poppy playtime chapter4, 켓넵, CatNap, Poppy Playtime"
"땅콩 Peanut","어몽어스 VS Poppy Playtime 4-1  ANIMATION 63","Film , Animation","어몽어스, 어몽어스 애니메이션, AMONG US, 몬스터, Peanut, 공포, 괴담, 애니메이션, 게임, game, 땅콩, 땅콩peanut, animation, 마미롱레그, 허기워기, Mommy long legs, Huggy Wuggy, poppy playtime chapter4, 켓넵, CatNap, Poppy Playtime"
"땅콩 Peanut","어몽어스 VS Poppy Playtime 4  ANIMATION 62","Film , Animation","어몽어스, 어몽어스 애니메이션, AMONG US, 몬스터, Peanut, 공포, 괴담, 애니메이션, 게임, game, 땅콩, 땅콩peanut, animation, 마미롱레그, 허기워기, Mommy long legs, Huggy Wuggy, poppy playtime chapter4, 켓넵, CatNap, Poppy Playtime"
"땅콩 Peanut","어몽어스 VS SPRUNKI ANIMATION 61","Film , Animation","SPRUNKI, 어몽어스, 어몽어스 애니메이션, AMONG US, 몬스터, Peanut, 공포, 괴담, 애니메이션, 게임, game, 땅콩, 땅콩peanut, animation, monster"
"땅콩 Peanut","AMONG US ANIMATION EP 51~60","Film , Animation","어몽어스, 어몽어스 애니메이션, AMONG US, 몬스터, Peanut, 공포, 괴담, 애니메이션, 게임, game, 땅콩, 땅콩peanut, animation, monster, 로블록스, Roblox, Garten of Banban, Opila Bird, Jumbo Josh, Banban, Banbaleena, Amanda, Indigo Park, Doors2, Zoonomaly, POU, Skibidi Toilet, Shinkansen 0, Poppy Playtime"
"땅콩 Peanut","어몽어스 VS Amanda2  ANIMATION 60","Film , Animation","어몽어스, 어몽어스 애니메이션, AMONG US, 몬스터, Peanut, 공포, 괴담, 애니메이션, 게임, game, 땅콩, 땅콩peanut, animation, monster, Amanda the Adventurer, amanda, 아만다 더 어드벤처, 아만다"
"땅콩 Peanut","어몽어스 VS Indigo Park ANIMATION59","Film , Animation","어몽어스, 어몽어스 애니메이션, AMONG US, 몬스터, Peanut, 공포, 괴담, 애니메이션, 게임, game, 땅콩, 땅콩peanut, animation, monster, Indigo Park"
"땅콩 Peanut","어몽어스 VS Doors2 ANIMATION58","Film , Animation","어몽어스, 어몽어스 애니메이션, AMONG US, 몬스터, Peanut, 공포, 괴담, 애니메이션, 게임, game, 땅콩, 땅콩peanut, animation, monster, DOORS, 로블록스, roblox"
"땅콩 Peanut","어몽어스 VS  Zoonomaly  ANIMATION 57","Film , Animation","어몽어스, 어몽어스 애니메이션, AMONG US, 몬스터, Peanut, 공포, 괴담, 애니메이션, 게임, game, 땅콩, 땅콩peanut, animation, monster, 로블록스, Roblox, Zoonomaly"
"땅콩 Peanut","어몽어스 VS  POU  ANIMATION 56","Film , Animation","어몽어스, 어몽어스 애니메이션, AMONG US, 몬스터, Peanut, 공포, 괴담, 애니메이션, 게임, game, 땅콩, 땅콩peanut, animation, monster, 로블록스, Roblox, pou"
"땅콩 Peanut","어몽어스 VS Skibidi Toilet 1~4","Film , Animation","어몽어스, 어몽어스 애니메이션, AMONG US, 몬스터, Peanut, 공포, 괴담, 애니메이션, 게임, game, 땅콩, 땅콩peanut, animation, monster, Skibidi Toilet, 타이탄 스피커맨, 타이탄"
"땅콩 Peanut","어몽어스 VS  Garten of Banban7  ANIMATION 55","Film , Animation","어몽어스, 어몽어스 애니메이션, AMONG US, 몬스터, Peanut, 공포, 괴담, 애니메이션, 게임, game, 땅콩, 땅콩peanut, animation, monster, 로블록스, Roblox, Garten of Banban, Opila Bird, Jumbo Josh, Banban, Banbaleena, banban7"
"땅콩 Peanut","어몽어스 VS Shinkansen 0  ANIMATION 54","Film , Animation","어몽어스, 어몽어스 애니메이션, AMONG US, 몬스터, Peanut, 공포, 괴담, 애니메이션, 게임, game, 땅콩, 땅콩peanut, animation, Shinkansen 0"
"땅콩 Peanut","어몽어스 VS Poppy Playtime 3-2  ANIMATION 53","Film , Animation","어몽어스, 어몽어스 애니메이션, AMONG US, 몬스터, Peanut, 공포, 괴담, 애니메이션, 게임, game, 땅콩, 땅콩peanut, animation, Poppy Playtime3, 마미롱레그, 허기워기, Mommy long legs, Huggy Wuggy, poppy playtime chapter3, 켓넵, CatNap"
"땅콩 Peanut","어몽어스 VS Poppy Playtime 3  ANIMATION 52","Film , Animation","어몽어스, 어몽어스 애니메이션, AMONG US, 몬스터, Peanut, 공포, 괴담, 애니메이션, 게임, game, 땅콩, 땅콩peanut, animation, Poppy Playtime3, 마미롱레그, 허기워기, Mommy long legs, Huggy Wuggy, poppy playtime chapter3, 켓넵, CatNap"
"땅콩 Peanut","어몽어스 VS Skibidi Toilet4  ANIMATION 51","Film , Animation","어몽어스, 어몽어스 애니메이션, AMONG US, 몬스터, Peanut, 공포, 괴담, 애니메이션, 게임, game, 땅콩, 땅콩peanut, animation, monster, Skibidi Toilet, 타이탄 스피커맨, 타이탄"
"땅콩 Peanut","AMONG US ANIMATION EP 41~50","Film , Animation","어몽어스, 어몽어스 애니메이션, AMONG US, 몬스터, Peanut, 공포, 괴담, 애니메이션, 게임, game, 땅콩, 땅콩peanut, animation, monster, 로블록스, Roblox, Garten of Banban, Opila Bird, Jumbo Josh, Banban, Banbaleena, Joyville"
"땅콩 Peanut","AMONG US ANIMATION EP 21~40","Film , Animation","어몽어스, 어몽어스 애니메이션, AMONG US, 몬스터, Peanut, 공포, 괴담, 애니메이션, 게임, game, 땅콩, 땅콩peanut, animation, monster, 로블록스, Roblox, Garten of Banban, Opila Bird, Jumbo Josh, Banban, Banbaleena"
"땅콩 Peanut","어몽어스 VS 좀비 애니메이션 9화 AMONG US ANIMATION 9","Film , Animation","어몽어스, 어몽어스 애니메이션, AMONG US, 몬스터, 좀비, 어몽어스좀비, zombie, Peanut, Avengers, 탈출, Baldi's Basics Classic, Baldi, 발디의 수학교실"
"땅콩 Peanut","어몽어스 VS 좀비 애니메이션 4화 AMONG US ANIMATION EP4","Film , Animation","어몽어스, 어몽어스 애니메이션, AMONG US, 몬스터, 좀비, 어몽어스좀비, zombie, Peanut"
"땅콩 Peanut","어몽어스 VS 좀비 애니메이션 6화 AMONG US ANIMATION EP6","Film , Animation","어몽어스, 어몽어스 애니메이션, AMONG US, 몬스터, 좀비, 어몽어스좀비, zombie, Peanut, 어벤져스, Avengers"
"땅콩 Peanut","어몽어스 VS 좀비 몰아보기 view all zombies","Film , Animation","어몽어스, 어몽어스 애니메이션, AMONG US, 몬스터, Peanut, 공포, 괴담, 애니메이션, 게임, game, 땅콩, 땅콩peanut, animation, monster, zombie"
"땅콩 Peanut","어몽어스 VS DOORS 29화 AMONG US ANIMATION 29","Film , Animation","어몽어스, 어몽어스 애니메이션, AMONG US, 몬스터, Peanut, 공포, 괴담, 애니메이션, 게임, game, 땅콩, 땅콩peanut, animation, monster, DOORS, 로블록스, roblox"
"땅콩 Peanut","어몽어스 VS  Choo-Choo Charles 34화 AMONG US ANIMATION 34","Film , Animation","어몽어스, 어몽어스 애니메이션, AMONG US, 몬스터, Peanut, 공포, 괴담, 애니메이션, 게임, game, 땅콩, 땅콩peanut, animation, monster, 로블록스, scp, Train Eater, Train, 기차, Roblox, Choo Choo Charles, Charles"
"땅콩 Peanut","어몽어스 VS 좀비 애니메이션 8화 AMONG US ANIMATION EP8","Film , Animation","어몽어스, 어몽어스 애니메이션, AMONG US, 몬스터, 좀비, 어몽어스좀비, zombie, Peanut, 어벤져스, Avengers, 그래니, Granny, 탈출, Siren Head, 사이렌헤드"
"땅콩 Peanut","어몽어스 VS scp-096 scp-173 애니메이션 15화 AMONG US ANIMATION 15","Film , Animation","어몽어스, 어몽어스 애니메이션, AMONG US, 몬스터, zombie, Peanut, 공포, scp, scp 096, scp 173"
"땅콩 Peanut","어몽어스 VS 좀비 애니메이션 10화 AMONG US ANIMATION 10","Film , Animation","어몽어스, 어몽어스 애니메이션, AMONG US, 몬스터, zombie, Peanut, Granny"
"땅콩 Peanut","오징어게임3편 달고나 Squid Game 3","Film , Animation","어몽어스, 오징어게임, squid game, baldi, 좀비, zombie, granny, scp, Siren Head, piggy, among us, 달고나"
"땅콩 Peanut","어몽어스 VS 기차몬스터 몰아보기 all train Monster","Film , Animation","어몽어스, 어몽어스 애니메이션, AMONG US, 몬스터, Peanut, 공포, 괴담, 애니메이션, 토마스, 기차, Thomas, train, Train Eater, Roblox, 로블록스, 땅콩, 땅콩peanut, Bridge Worm, monster"
"땅콩 Peanut","어몽어스 VS  ABC Lore Monster 32화 AMONG US ANIMATION 32","Film , Animation","어몽어스, 어몽어스 애니메이션, AMONG US, 몬스터, Peanut, 공포, 괴담, 애니메이션, 게임, game, 땅콩, 땅콩peanut, animation, monster, 로블록스, Roblox, ABC Lore, Alphabet Lore, Lore, Alphabet, Monster"
"땅콩 Peanut","어몽어스 VS Rainbow Friends 28화 AMONG US ANIMATION 28","Film , Animation","어몽어스, 어몽어스 애니메이션, AMONG US, 몬스터, Peanut, 공포, 괴담, 애니메이션, 게임, game, 땅콩, 땅콩peanut, animation, monster, Rainbow Friends"
"땅콩 Peanut","어몽어스 VS 좀비 애니메이션 7화 AMONG US ANIMATION EP7","Film , Animation","어몽어스, 어몽어스 애니메이션, AMONG US, 몬스터, 좀비, 어몽어스좀비, zombie, Peanut, 어벤져스, Avengers, 그래니, Granny, 탈출"
"땅콩 Peanut","어몽어스 VS Toilet2  ANIMATION 46","Film , Animation","어몽어스, 어몽어스 애니메이션, AMONG US, 몬스터, Peanut, 공포, 괴담, 애니메이션, 게임, game, 땅콩, 땅콩peanut, animation, monster, toilet"
"땅콩 Peanut","어몽어스 오징어 게임 [몰아보기] Squid Game 1화~5화","Film , Animation","어몽어스, 오징어게임, squid game, baldi, 좀비, zombie, granny, scp, Siren Head, piggy, among us, 유리다리, 달고나, peanut"
"땅콩 Peanut","어몽어스 VS 좀비 애니메이션 5화 AMONG US ANIMATION EP5","Film , Animation","어몽어스, 어몽어스 애니메이션, AMONG US, 몬스터, 좀비, 어몽어스좀비, zombie, Peanut"
"땅콩 Peanut","어몽어스 VS 토마스 20화 AMONG US ANIMATION 20","Film , Animation","어몽어스, 어몽어스 애니메이션, AMONG US, 몬스터, Peanut, 공포, 괴담, 애니메이션, 토마스, 기차, Thomas, train"
"땅콩 Peanut","어몽어스 VS Bridge Worm 24화 AMONG US ANIMATION 24","Film , Animation","어몽어스, 어몽어스 애니메이션, AMONG US, 몬스터, Peanut, 공포, 괴담, 애니메이션, 게임, game, 땅콩, 땅콩peanut, animation, monster, Bridge Worm"
"고누리","키오스크에서 노인을 만났을 때 완벽한 대처법","Film , Animation","애니메이션, 만화, 고누리, animation, 그림, KONURI, konuri, fun video, funny video, Empathy, cartoon, meme, 共感., relatable, 밈, childhood, 공감, fun, funny, video, 유머, 노인, 키오스크, kiosk, an old man"
"고누리","""공짜로 뭐 드려요"" = 매우 쓸데없고 시간낭비임","Film , Animation","애니메이션, 만화, 고누리, animation, 그림, KONURI, konuri, fun video, funny video, Empathy, cartoon, meme, 共感., relatable, 밈, childhood, 공감, fun, funny, video, 유머, 띵띵농장, 알리익스프레스, aliexpress, farm, free, item"
"고누리","난 과자 다 먹으면 항상 쪽지를 접었지..","Film , Animation","애니메이션, 만화, 고누리, animation, 그림, KONURI, konuri, fun video, funny video, Empathy, cartoon, meme, 共感., relatable, 밈, childhood, 공감, fun, funny, video, 유머, 쪽지, folded, note, 접기, 종이접기, 쓰레기, 과자, 과자봉지"
"고누리","예쁜 지우개 특: 아까워서 절대 못 씀 ㅋㅋ","Film , Animation","애니메이션, 만화, 고누리, animation, 그림, KONURI, konuri, fun video, funny video, Empathy, cartoon, meme, 共感., relatable, 밈, childhood, 공감, fun, funny, video, 유머, 지우개, eraser, school, lend, loan."
"고누리","개미에게 절망을 안겨주는 방법","Film , Animation","애니메이션, 만화, 고누리, animation, 그림, KONURI, konuri, fun video, funny video, Empathy, cartoon, meme, 共感., relatable, 밈, childhood, 공감, fun, funny, video, 유머, 개미, Ant, Bread, 빵, 유인, 개미놀리는방법, 헬다2, 헬다이버즈2, helldivers2"
"고누리","이거 알면 틀임 ㅋㅋ (3트)","Film , Animation","애니메이션, 만화, 고누리, animation, 그림, KONURI, konuri, fun video, funny video, Empathy, cartoon, meme, 共感., relatable, 밈, childhood, 공감, fun, funny, video, 유머, 종이, 뽑기, 문방구, ガチャ, paper, random, 추억, 어린시절, 드로우, draw, Yu-Gi-Oh!, 遊☆戯☆王オフィシャルカードゲーム"
"고누리","남자 애들이 ㄹㅇ 환장하는거","Film , Animation","애니메이션, 만화, 고누리, animation, 그림, KONURI, konuri, fun video, funny video, Empathy, cartoon, meme, 共感., relatable, 밈, childhood, 공감, fun, funny, video, 유머, 나뭇가지, 돌, 장난감, tree, a branch of a tree, 枝, 木の枝., 게임컨트롤러, 게임패드, 베이더3, vader3"
"고누리","그 시절 줄넘기 국룰","Film , Animation","애니메이션, 만화, 고누리, animation, 그림, KONURI, konuri, fun video, funny video, Empathy, cartoon, meme, 共感., relatable, 밈, childhood, 공감, fun, funny, video, 유머, 줄넘기, Jump rope, Skipping Rope, なわとび, 縄跳び"
"고누리","""야, 넌 이거 못하지?""","Film , Animation","애니메이션, 만화, 고누리, animation, 그림, KONURI, konuri, fun video, funny video, Empathy, cartoon, meme, 共感., relatable, 밈, childhood, 공감, fun, funny, video, 유머, 묘기, 손가락, 꺾기, 꺽기, Finger, break, snap"
"고누리","팔월드 초반 요약","Gaming","애니메이션, 만화, 고누리, animation, 그림, KONURI, konuri, fun video, funny video, Empathy, cartoon, meme, 共感., relatable, 밈, childhood, 공감, fun, funny, video, 유머, 팔월드, 팰월드, 포켓몬, 짭켓몬, palworld, pokemon"
"고누리","이거 알면 틀임 ㅋㅋ (2트)","Film , Animation","애니메이션, 만화, 고누리, animation, 그림, KONURI, konuri, fun video, funny video, Empathy, cartoon, meme, 共感., relatable, 밈, childhood, 공감, fun, funny, video, 유머, 버그파이터, 장난감, 추억, Bug Fighter, 곤충, 인조곤충, 人造昆虫カブトボーグVxV, 문방구, Tá bom, Ta bom"
"고누리","미쳐버린 눈사람","Film , Animation","애니메이션, 만화, 고누리, animation, 그림, KONURI, konuri, fun video, funny video, Empathy, cartoon, meme, 共感., relatable, 밈, childhood, 공감, fun, funny, video, 유머, 눈사람, snow, snow man, winter, 겨울, 눈, 빵빵이, MrBeast, GH'S, Tom Sings, dsand, crismas, 크리스마스, Stick figure, somac, guffin, somacguffin"
"고누리","날씨 추울 때 부모님들의 ㄹㅇ 국룰","Film , Animation","애니메이션, 만화, 고누리, animation, 그림, KONURI, konuri, fun video, funny video, Empathy, cartoon, meme, 共感., relatable, 밈, childhood, 공감, fun, funny, video, 유머, winter, 겨울, 날씨, weather, parents, snow, 눈, crismas, 크리스마스, GH'S, 계향쓰, 포치, pochi, pochi science, dimension director, Damn Seconds"
"고누리","어릴 적 지폐로 노는 방법","Film , Animation","애니메이션, 만화, 고누리, animation, 그림, KONURI, konuri, fun video, funny video, Empathy, cartoon, meme, 共感., relatable, 밈, childhood, 공감, fun, funny, video, 유머, 지폐, 돈, 종이접기, 접기, origami, bill, note, banknote, paper money, Dollar, yen, 円貨., 紙幣, さつ., 추억, 옛날, 5천원, 5000원, 천원, 1000원, 10000원, 만원, 표정접기"
"고누리","요즘 부모님들이 제일 무서워 하는 것...;","Film , Animation","애니메이션, 만화, 고누리, animation, 그림, KONURI, konuri, fun video, funny video, Empathy, cartoon, meme, 共感., relatable, 밈, childhood, 공감, fun, funny, video, 유머, toy, 장난감, 애들만화, 굿즈, 인형, 가격, 비쌈, 캐치, 티니핑, 캐치티니핑, Doll"
"고누리","미친거냐 닌텐도???","Film , Animation","애니메이션, 만화, 고누리, animation, 그림, KONURI, konuri, fun video, funny video, Empathy, cartoon, meme, 共感., relatable, 밈, childhood, 공감, fun, funny, video, 유머, 닌텐도, 굿즈, 스토어, 팝업, Nintendo, pop up, store, 마리오, mario, 컨트롤러, 패미컴, 뽑기, 가챠, ガチャ, マリオ, 任天堂, 일본, 여행, 일본여행"
"고누리","자석 가지고 놀면 안되는 이유","Film , Animation","애니메이션, 만화, 고누리, animation, 그림, KONURI, konuri, fun video, funny video, Empathy, cartoon, meme, 共感., relatable, 밈, childhood, 공감, fun, funny, video, 유머, 자석, Magnet, 磁石, マグネット., 막대자석, bar magnet, Dangers, Wound"
"고누리","다들 이런거 버리기 아까워서 모아두지 않음?ㅋㅋ","Film , Animation","애니메이션, 만화, 고누리, animation, 그림, KONURI, konuri, fun video, funny video, Empathy, cartoon, meme, 共感., relatable, 밈, childhood, 공감, fun, funny, video, 유머, usb, 전선, 버리기아까운물건, wire, 택배, Parcel Service, Delivery"
"고누리","아니 왜 콜라병에 간장이","Film , Animation","애니메이션, 만화, 고누리, animation, 그림, KONURI, konuri, fun video, funny video, Empathy, cartoon, meme, 共感., relatable, 밈, childhood, 공감, fun, funny, video, 유머, 간장, 진간장Soy sauce, 워셔액, 부동액, washer fluid, Car, antifreeze, refrigerator, freezer, 冷蔵庫, フリーザー., 肝臓と腸., 詭計, 手管, 手練, ごまかし, トリック, 謀り, まやかし, ぺてん., 落し穴, 함정, 속임수, trap, trick, deception, trickery, mom, 엄마, 음료수, 飲料水, 飲み水, 真水., 파워에이드, Powerade, 아빠, 자동차, 콜라, coke, coca cola"
"고누리","학교에 이거 가져오면 무조건 뺏김;","Film , Animation","애니메이션, 만화, 고누리, animation, 그림, KONURI, konuri, fun video, funny video, Empathy, cartoon, meme, 共感., relatable, 밈, 공감, fun, funny, video, 유머, 레이저, 레이져, 포인트, 포인터, a laser pointer, laser point, レーザーポイント, レーザーポインター, 戯れ., 学校, 학교, 장난, 초등학교, 중학교, 고등학교, 小学校, 中学校, 高等学校, elementary school, middle school, high school, Teacher, 선생님, 몰래, 실명, 위험, Dangerous, Lost sight"
"고누리","충치 만화","Film , Animation","애니메이션, 만화, 고누리, animation, flash8, 플래시8, 그림, 스트리머, 트위치, 이빨, 이, 치아, 충치, 양치, 임플란트, 금, 치과, meme, 共感., relatable, 밈, konuri, childhood, 공감, Empathy, fun, funny, video, cartoon, 유머"
"고누리","사랑니 만화","Film , Animation","애니메이션, 만화, 고누리, animation, flash8, 플래시8, 그림, 스트리머, 트위치, KONURI, konuri, 충치, 충치만화, 충치만화2, 2편, 2탄, 사랑니, 치과, 치아, 이빨, 교육, meme, 共感., relatable, 밈, childhood, 공감, Empathy, fun, funny, video, cartoon, 유머"
"고누리","이빨에 낀 만화","Film , Animation","애니메이션, 만화, 고누리, animation, flash8, 플래시8, 그림, 스트리머, 트위치, KONURI, konuri, 이빨, 충치, 이쑤시개, 이쑤시는, 불편한 이빨, 불편한 치아, 치아, 치과, 공감, 이빨만화, 치아만화, 충치만화, meme, relatable, 밈, Empathy, fun, funny, video, cartoon, 유머, 이, 치실, teeth, tooth, cavity, decayed tooth, dental caries, a dental clinic, bad teeth, bad tooth, an uncomfortable tooth, an uncomfortable teeth, 不自由な歯です, 歯, 虫歯, 齲歯., 歯科., 歯磨, brushing teeth"
"고누리","어릴 적 아파트 계단","Film , Animation","애니메이션, 만화, animation, flash8, 플래시8, 그림, 추억, meme, 共感., relatable, 밈, 고누리, konuri, childhood, 공감, Empathy, fun, funny, video, cartoon, 유머, stairs"
"고누리","형형 대전쟁 2","Film , Animation","애니메이션, 만화, 고누리, animation, flash8, 플래시8, 그림, 스트리머, 트위치, KONURI, konuri, 냥코, 대전쟁, 게임, 모바일게임, GAME"
"고누리","어릴 적 쌉 공감 추억 몰아보기","Film , Animation","애니메이션, 만화, 고누리, animation, flash8, 플래시8, 그림, 스트리머, 트위치, KONURI, konuri, 추억, 옛날, 공감, 컴플리트, 에디션, meme, relatable, 밈, Empathy, fun, funny, video, cartoon, 유머"
"고누리","어릴 적 그네 특징","Film , Animation","애니메이션, 만화, 고누리, animation, flash8, 플래시8, 그림, 스트리머, 트위치, KONURI, konuri, 공감, 특징, 놀이터, 그네, 사슬, 쇠사슬, 찝힘, meme, 밈, Empathy, fun, funny, video, cartoon, 유머, swing, 원심분리기, 놀이기구, 뺑뺑이, playground, adventure playground"
"고누리","형형 대전쟁","Film , Animation","애니메이션, 만화, 고누리, 토토쑤, animation, flash8, 플래시8, 그림, 스트리머, 트위치, 냥코, 대전쟁, battle cat, 게임, GAME, 모바일, 모바일게임"
"고누리","어릴 적 별미","Film , Animation","애니메이션, 만화, 고누리, 토토쑤, animation, flash8, 플래시8, 그림, 스트리머, 트위치, 공감, 공감툰, 간식, 야구르트, 추억"
"고누리","충치 껌 만화","Film , Animation","애니메이션, 만화, 고누리, animation, flash8, 플래시8, 그림, 스트리머, 트위치, KONURI, konuri, teeth, tooth, fun, funny, video, a dental clinic, Pain, treatment, brushing teeth, Gum, tooth extraction, Education, for educational purposes, Empathy, 죽음의 쉐이크, 그래매이스 쉐이크, 그래매이스, 그래메이스, grimace shake, 밈, meme, MEME"
"고누리","형형 대전쟁 3","Film , Animation","애니메이션, 만화, 고누리, animation, flash8, 플래시8, 그림, 스트리머, 트위치, KONURI, konuri, GAME, 모바일게임, 게임, 냥코, 대전쟁, Among Us"
"고누리","왼손잡이 공감","Film , Animation","애니메이션, 만화, 고누리, animation, flash8, 플래시8, 그림, 스트리머, 트위치, KONURI, konuri, 왼손, 왼손잡이, 공감, 공감툰, meme, 共感., relatable, 밈, childhood, Empathy, fun, funny, video, cartoon, 유머"
"고누리","어릴 적 손 뚜-둑","Film , Animation","애니메이션, 만화, 고누리, animation, flash8, 플래시8, 그림, 스트리머, 트위치, KONURI, konuri, 어릴적, 공감, 공감툰, 추억"
"고누리","허기워기 1분 요약","Gaming","애니메이션, 만화, 고누리, 토토쑤, animation, flash8, 플래시8, 그림, 스트리머, 트위치, 파피 플레이타임, 퍼피 플레이타임, 뽀삐 플레이타임, 허기, 허기워기"
"고누리","어릴 적 새 지우개","Film , Animation","애니메이션, 만화, 고누리, 토토쑤, animation, flash8, 플래시8, 그림, 스트리머, 트위치, 학교, 추억"
"고누리","어릴 적 탑블레이드","Film , Animation","애니메이션, 만화, 고누리, animation, flash8, 플래시8, 그림, 스트리머, 트위치, KONURI, konuri, 팽이, 베이, 베이블레이드, 탑블레이드, 문방구, 추억, 옛날, 어릴때, 어릴적, meme, 밈, 공감, Empathy, fun, funny, video, cartoon, 유머, Top Blade, Bayblade"
"고누리","오타마톤 피아노","Film , Animation","애니메이션, 만화, 고누리, 토토쑤, animation, flash8, 플래시8, 그림, 스트리머, 트위치, 오타마톤, 연주, 피아노, piano, otamaton"
"고누리","마미 롱 레그 1분 요약","Gaming","애니메이션, 만화, 고누리, animation, flash8, 플래시8, 그림, 스트리머, 트위치, KONURI, konuri, mommy long legs, poppy playtime"
"고누리","기름 요리 할 때 특징 만화","Film , Animation","애니메이션, 만화, 고누리, 토토쑤, animation, flash8, 플래시8, 그림, 스트리머, 트위치, 일상, 공감, 기름, 요리, 부모님, 엄살, 공감툰"
"고누리","어릴 적 에스컬레이터 만화","Film , Animation","애니메이션, 만화, 고누리, 토토쑤, animation, flash8, 플래시8, 그림, 스트리머, 트위치, 에스컬레이터, 공감, 툰, 추억"
"지식인사이드","올여름 모기 무조건 피해야 하는 이유 (닥터프렌즈 이낙준 작가)","Howto , Style","동영상, 공유, 카메라폰, 동영상폰, 무료, 올리기"
"지식인사이드","노년내과 의사가 냉장고에 쟁여두는 비밀 식재료 '3가지' (임영빈 원장 1부)","Howto , Style","동영상, 공유, 카메라폰, 동영상폰, 무료, 올리기"
"지식인사이드","SNS가 만든 '가짜 모성애'를 가진 부모 특징ㅣ의사들의 수다 EP.25","Howto , Style","동영상, 공유, 카메라폰, 동영상폰, 무료, 올리기"
"지식인사이드","사방으로 탄탄한 가슴 만들기, 단 '3가지' 운동이면 충분합니다 (김병곤 박사 2부)","Howto , Style","동영상, 공유, 카메라폰, 동영상폰, 무료, 올리기"
"지식인사이드","요즘 갑자기 스팸 폭탄오는 진짜 이유 (노말틱 해커 2부)","Howto , Style","동영상, 공유, 카메라폰, 동영상폰, 무료, 올리기"
"지식인사이드","""유심이 문제가 아닙니다"" 이것부터 당장 끄세요.(노말틱 해커 1부)","Howto , Style","동영상, 공유, 카메라폰, 동영상폰, 무료, 올리기"
"지식인사이드","나이만 먹고 감정조절 못하는 사람의 숨은 속내 (이헌주 교수 2부)","Howto , Style","동영상, 공유, 카메라폰, 동영상폰, 무료, 올리기"
"지식인사이드","자면서도 묵은 지방 싹 녹이는 초간단 운동 (오상우 교수 통합본)","Howto , Style","동영상, 공유, 카메라폰, 동영상폰, 무료, 올리기"
"지식인사이드","'이런' 증상 있다면 갱년기는 이미 시작됐다.ㅣ의사들의 수다 EP.24","Howto , Style","동영상, 공유, 카메라폰, 동영상폰, 무료, 올리기"
"지식인사이드","'푹 꺼진 엉덩이' 이 동작 하나면 다시 탱탱하게 살아납니다 (김병곤 박사 1부)","Howto , Style","동영상, 공유, 카메라폰, 동영상폰, 무료, 올리기"
"지식인사이드","""단 2주만 해보세요"" 거북목 수술없이 자연치유 하는 법 (이경석 원장 3부)","Howto , Style","동영상, 공유, 카메라폰, 동영상폰, 무료, 올리기"
"지식인사이드","""아등바등 살지마세요"" 스님이 마침내 깨달은 인생의 비밀 (원영 스님 2부)","Howto , Style","동영상, 공유, 카메라폰, 동영상폰, 무료, 올리기"
"지식인사이드","""다만 꼭 이렇게 쓰세요."" AI와 오래 대화하면 벌어지는 일 (이헌주 교수 1부)","Howto , Style","동영상, 공유, 카메라폰, 동영상폰, 무료, 올리기"
"지식인사이드","기초부터 심화까지 딱 30분만에 챗GPT 완벽 마스터하기 (김덕진 교수)","Howto , Style","동영상, 공유, 카메라폰, 동영상폰, 무료, 올리기"
"지식인사이드","돈 한 푼 안 쓰고 삶의 질 혁신적으로 높이는 AI 사용법 ㅣ지식인초대석 (김덕진 교수 풀버전)","Howto , Style","동영상, 공유, 카메라폰, 동영상폰, 무료, 올리기"
"지식인사이드","스님이 깨달은 '인생 최고의 교훈'을 방금 물어봤습니다 (원영 스님 1부)","Howto , Style","동영상, 공유, 카메라폰, 동영상폰, 무료, 올리기"
"지식인사이드","매일 10분하면 하체가 짱짱해지는 초간단 운동 (홍정기 교수 3부)","Howto , Style","동영상, 공유, 카메라폰, 동영상폰, 무료, 올리기"
"지식인사이드","50대 이후 성관계 없는 사람의 몸에서 나타나는 변화ㅣ의사들의 수다 EP.23","Howto , Style","동영상, 공유, 카메라폰, 동영상폰, 무료, 올리기"
"지식인사이드","목에 좋은 베개라는데.. '솔직하게' 말씀드리죠. (이경석 원장 2부)","Howto , Style","동영상, 공유, 카메라폰, 동영상폰, 무료, 올리기"
"지식인사이드","실제로 디스크를 완치한 검증된 '최고의 수면자세' (이경석 원장 1부)","Howto , Style","동영상, 공유, 카메라폰, 동영상폰, 무료, 올리기"
"지식인사이드","아프지 않고 오래 살려면 딱 '이 3가지'만 기억하세요. (김주환 교수 3부)","Howto , Style","동영상, 공유, 카메라폰, 동영상폰, 무료, 올리기"
"지식인사이드","20년 치과의사 영업비밀. 양치할 때 제 아이들에겐 '이것부터' 알려줄 겁니다. (박창진 원장 1부)","Howto , Style","동영상, 공유, 카메라폰, 동영상폰, 무료, 올리기"
"지식인사이드","""다들 모르더라고요"" 부모님이 돌아가셨을 때 자녀가 무조건 해야 할 '3가지' (이장원 세무사 1부)","Howto , Style","동영상, 공유, 카메라폰, 동영상폰, 무료, 올리기"
"지식인사이드","""치실, 가글 아닙니다."" 양치질보다 '이것' 먼저하면 잇몸병 사라지고, 잇몸도 튼튼해집니다. (박창진 원장 3부)","Howto , Style","동영상, 공유, 카메라폰, 동영상폰, 무료, 올리기"
"지식인사이드","7일 동안 당근을 '이렇게' 먹었더니, 뱃살이 너무 빠져 고민입니다.","Howto , Style","동영상, 공유, 카메라폰, 동영상폰, 무료, 올리기"
"지식인사이드","""5만명 이혼상담 후 알게됐습니다."" 대한민국에서 가장 많은 불륜이 일어나는 장소 (신은숙 변호사 1부)","Howto , Style","동영상, 공유, 카메라폰, 동영상폰, 무료, 올리기"
"지식인사이드","""이렇게 받아치세요."" 당신을 만만하게 보는 사람, 웃으며 대처하는 법 (이헌주 교수 2부)","Howto , Style","동영상, 공유, 카메라폰, 동영상폰, 무료, 올리기"
"지식인사이드","입냄새의 진짜 원인, 목에 낀 똥을 싹 없애는 간단한 방법 (이영섭 원장 2부)","Howto , Style","동영상, 공유, 카메라폰, 동영상폰, 무료, 올리기"
"지식인사이드","""만보 걷기 대신 이것 하세요"" 누워서 했더니 뱃살 싹 녹이는 초간단 운동법 (김병곤 박사 1부)","Howto , Style","동영상, 공유, 카메라폰, 동영상폰, 무료, 올리기"
"지식인사이드","""지방만 10kg 빠집니다."" 단기간에 내장지방 싹 제거하는법 '4가지'","Howto , Style","동영상, 공유, 카메라폰, 동영상폰, 무료, 올리기"
"지식인사이드","30일 동안 바세린을 매일 발랐더니, 결국 '이런 얼굴'이 되었습니다.","Howto , Style","동영상, 공유, 카메라폰, 동영상폰, 무료, 올리기"
"지식인사이드","수많은 죽음을 목격하면서 깨닫게 된 사실 ""죽기 직전에 이걸 후회한다."" (정현채 교수 1부)","Howto , Style","동영상, 공유, 카메라폰, 동영상폰, 무료, 올리기"
"지식인사이드","다 큰 성인이 '혼자서' 6개월 만에 영어공부 성공하는 3가지 방법","Howto , Style","동영상, 공유, 카메라폰, 동영상폰, 무료, 올리기"
"지식인사이드","한국인 95%가 신경 안 쓰는 '병을 부르는' 유행 식습관 (이계호 교수 통합본)","Howto , Style","동영상, 공유, 카메라폰, 동영상폰, 무료, 올리기"
"지식인사이드","81세 윤방부 박사가 25년동안 매일 똑같은 아침을 먹는 이유 (윤방부 박사) | 지식인 다큐","Howto , Style","동영상, 공유, 카메라폰, 동영상폰, 무료, 올리기"
"지식인사이드","45년간 방송하며 느낀 모두와 잘 지낼 필요없는 이유ㅣ지식인초대석 EP.29 (이경규 2부)","Howto , Style","동영상, 공유, 카메라폰, 동영상폰, 무료, 올리기"
"지식인사이드","""회사 다니는 시대는 끝났다."" 지금부터 돈 벌려면 당장 '이것부터' 끊으세요. (유영만 교수 1부)","Howto , Style","동영상, 공유, 카메라폰, 동영상폰, 무료, 올리기"
"지식인사이드","당뇨병 환자가 반드시 끊어야 할 최악의 음식 '3가지'","Howto , Style","동영상, 공유, 카메라폰, 동영상폰, 무료, 올리기"
"지식인사이드","국내 1호 프로파일러가 말하는 사이코패스들의 뇌구조 | 지식인초대석 EP.11 (권일용 교수)","Howto , Style","동영상, 공유, 카메라폰, 동영상폰, 무료, 올리기"
"지식인사이드","성관계 10년 동안 '쉬는' 부부, 관계 다시 되살리는 현실적 방법 (신은숙 변호사 1부)","Howto , Style","동영상, 공유, 카메라폰, 동영상폰, 무료, 올리기"
"엠뚜루마뚜루 : MBC 공식 종합 채널","[#노무사노무진 | 1-2회 숏주행] 사고 덮으려고 사람을 죽게 한 회사한테 사이다 날린 무진스의 시원한 사건 해결! MBC250531방송","Entertainment","노무사노무진, 정경호, 설인아, 차학연, 무진스, MBC금토드라마, MBC, 노무사, 노무진, ohmyghostcilents, 코믹, 판타지, 드라마, 금토드라마, mbcdrama, 사이다, 임순례, 김보통, 박수오, 경수진, 탕준상, 유선호, 강혜원, 미지의서울, 우리영화, 굿보이, 귀신, T60496G, 250531"
"엠뚜루마뚜루 : MBC 공식 종합 채널","[푹다행] 제철 봄 낙지와 도다리가 한가득🎣 믿고 먹는 레이먼킴 표 낙지볶음&매콤 도다리 튀김 | #김대호 #이수근 #레이먼킴 MBC250602방송","Entertainment","푹 쉬면 다행이야, 이수근, 김대호, 하성운, 미미, 레이먼킴, 푹다행, 안정환, 붐, 안싸우면 다행이야, 안다행, T70697G, 250602, 푹다행 달래, 푹다행 낙지, 레이먼킴 낙지볶음, 달래난, 푹다행 달래난, 푹다행 도다리 튀김, 레이먼킴 도다리 튀김, 레이먼킴 도다리 튀김 양념, 푹다행 이수근, 푹다행 김대호, 푹다행 미미, 푹다행 하성운"
"엠뚜루마뚜루 : MBC 공식 종합 채널","[푹다행] 거센 조류에 비상 걸린 양평 브라더스😨 무인도 레스토랑 이대로 영업 중단?! | #김대호 #이수근 #하성운 MBC250602방송","Entertainment","푹 쉬면 다행이야, 이수근, 김대호, 하성운, 미미, 푹다행, 안정환, 붐, 안싸우면 다행이야, 안다행, T70697G, 250602, 푹다행 조류, 푹다행 해루질 중단, 푹다행 달래, 하성운 달래전, 이수근 달래전, 푹다행 달래무침, 푹다행 달래전"
"엠뚜루마뚜루 : MBC 공식 종합 채널","[놀면뭐하니?] 이건 먹으라는 거야 말라는 거야💢 밥 먹기 참 힘든 주주 자매의 한식 회전 뷔페 정복기💫 | #박진주 #이미주 #유재석 MBC250531방송","Entertainment","놀면뭐하니, 유재석, 하하, 주우재, 박진주, 이이경, 이미주, 놀면뭐하니?, 릴레이, 뮤직, 버라이어티, 릴레이뮤직버라이어티, 놀뭐, 토요예능, 노래, 도전, 무한확장 유니버스, T70542G, 250531, 놀면뭐하니 박진주, 놀면뭐하니 이미주, 놀면뭐하니 박진주 이미주 하차, 놀면뭐하니 멤버, 놀뭐 멤버, 놀뭐 박진주, 놀뭐 이미주, 한식 회전 뷔페, 놀뭐 회전 뷔페, 놀면뭐하니 회전 뷔페, 한식 뷔페"
"엠뚜루마뚜루 : MBC 공식 종합 채널","[놀면뭐하니?] 한국인의 소울 푸드🤗 떡볶이에 환상 궁합인 김밥, 소떡소떡 그리고 납작만두까지! 군침이 싹 도는 분식 먹방 모음ㅣ#유재석 #부승관 #이미주 MBC230128방송","Entertainment","놀면뭐하니, 놀뭐, 주우재, 박진주, 유재석, 하하, 이이경, 이미주, T70542G, 230128, 놀뭐 먹방, 분식 먹방, 떡볶이 먹방, 김밥 먹방, 놀면뭐하니 분식, 유재석 먹방, 놀뭐 세븐틴, 놀뭐 부승관, 소떡소떡, 떡꼬치, 정준하 먹방, 분식 꿀조합, 납작만두, 대구 김밥튀김, 국민대 사발 떡볶이, 임우일 놀뭐"
"엠뚜루마뚜루 : MBC 공식 종합 채널","[#오은영리포트 결혼지옥] 어떻게 살아야 할지 모르겠어 밝았던 아내가 달라진 이유는? -연극부부 1-  #엠뚜루마뚜루 #볼꼬양 MBC250602방송","Entertainment","동영상, 공유, 카메라폰, 동영상폰, 무료, 올리기"
"엠뚜루마뚜루 : MBC 공식 종합 채널","[#오은영리포트 결혼지옥] 풀리지 않는 시댁과의 갈등 딸 앞에서 이혼을 말하는 아내 -연극부부 3-  #엠뚜루마뚜루 #볼꼬양 MBC250602방송","Entertainment","동영상, 공유, 카메라폰, 동영상폰, 무료, 올리기"
"엠뚜루마뚜루 : MBC 공식 종합 채널","[복면가왕] 빵떡 사랑단 총집합🩷 절친 유주와 아빠(?) 윤상 뿐 아니라 판정단의 마음까지 사로잡은 러블리즈 류수정🥐 | #러블리즈 #류수정 MBC250601","Entertainment","복면가왕, 복가, MBC, M00008G, 250601, 러블리즈, 류수정, 빵떡, LOVELYZ, 러블리즈 보컬, 러블리즈 노래, 걸그룹, RYU SUJEONG, 울림, 윤상, 윤상 러블리즈"
"엠뚜루마뚜루 : MBC 공식 종합 채널","[#오은영리포트 결혼지옥] 남편이 화가 난  이유를 이해 못하고 불필요한 눈치만 보는 아내 -연극부부 2-  #엠뚜루마뚜루 #볼꼬양 MBC250602방송","Entertainment","동영상, 공유, 카메라폰, 동영상폰, 무료, 올리기"
"엠뚜루마뚜루 : MBC 공식 종합 채널","[#오은영리포트 결혼지옥] 아내가 털어놓은 가슴 아픈 과거 부모님의 무책임 때문에 생겨난 결핍 -연극부부 4-  #엠뚜루마뚜루 #볼꼬양 MBC250602방송","Entertainment","동영상, 공유, 카메라폰, 동영상폰, 무료, 올리기"
"엠뚜루마뚜루 : MBC 공식 종합 채널","[#심야괴담회] 지킬 수 없는 약속 무너진 결계 ""한 쪽 눈은 지킬 수 없었잖아"" #엠뚜루마뚜루 #완불이픽 #볼꼬양 #심야괴담회 #심괴 #어둑시니 MBC241117방송","Entertainment","동영상, 공유, 카메라폰, 동영상폰, 무료, 올리기"
"엠뚜루마뚜루 : MBC 공식 종합 채널","[나혼자산다] 주우재 셔츠 입고 가면 뭐하냐고요🤣 예뻤던 친구 동생의 결혼 소식에 강제로 실연(?) 당한 김대호💔 | #김대호 MBC250530방송","Entertainment","나혼자산다, 나혼산, 박나래, 기안84, 키, 코드쿤스트, 전현무, 나 혼자, 싱글라이프, 1인 가정, 1인 가구, 독신, 1인가족, 자취, 솔로, 생활, 250530, T70346G, 김대호, 김대호 실연, 김대호 눈물, 김대호 학교, 초등학교, 동네 방문"
"엠뚜루마뚜루 : MBC 공식 종합 채널","[놀면뭐하니?] 글씨만 보고 어떻게 맞춰?😯 총체적 난국 속 에티오피아 전통 음식 베이야네투를 찾아라🔍  | #박진주 #이미주 #이이경 MBC250531방송","Entertainment","놀면뭐하니, 유재석, 하하, 주우재, 박진주, 이이경, 이미주, 놀면뭐하니?, 릴레이, 뮤직, 버라이어티, 릴레이뮤직버라이어티, 놀뭐, 토요예능, 노래, 도전, 무한확장 유니버스, T70542G, 250531, 놀면뭐하니 박진주, 놀면뭐하니 이미주, 놀면뭐하니 박진주 이미주 하차, 놀면뭐하니 멤버, 놀뭐 멤버, 놀뭐 박진주, 놀뭐 이미주, 에티오피아 전통음식, 이태원 에티오피아 식당"
"엠뚜루마뚜루 : MBC 공식 종합 채널","[전참시] 주방기기만 수억 원어치인 세리 파크 OPEN⭐ 새로운 시작에 긴장한 박세리의 골프 실수😅ㅣ#박세리 MBC250531방송","Entertainment","전지적참견시점, 전참시, MBC, MBC예능, 토요예능, T70517G, 250531, 박세리, 박세리 골프, 박세리 세리파크, 박세리 세리팍위드용인, 세리팍위드용인, 용인, 박세리 개관, 박세리 사무실, 박세리 기부, 박세리 용인, 박세리 전참시, 리치언니, 전참시 박세리, 이영자, 복합스포츠문화공간"
"엠뚜루마뚜루 : MBC 공식 종합 채널","[태계일주4] 싸움짱 덱스에게 깐족(?)거린 최후ㅋㅋㅋ 쫄아서 아무 말도 못하는 기안84 ㅣ#기안84 #이시언 #빠니보틀 #덱스 MBC250601방송","Entertainment","태계일주4, 기안, 기안84, 덱스, 빠니보틀, 빠니, 이시언, 구르카, 용병 훈련, 셰르파, 태어난김에 세계일주4, 시즌4, 4화, 250601, 기안 덱스 싸움, 덱스 싸움, 덱스 긁힘"
"엠뚜루마뚜루 : MBC 공식 종합 채널","[태계일주4] 한계에 부딪힌 덱스를 이끌어준 구르카 동생들🤝 그들을 위해 덱스가 준비한 선물은...?ㅣ#기안84 #이시언 #빠니보틀 #덱스 MBC250601방송","Entertainment","태계일주4, 기안, 기안84, 덱스, 빠니보틀, 빠니, 이시언, 구르카, 용병 훈련, 셰르파, 태어난김에 세계일주4, 시즌4, 4화, 250601, 덱스 조언, 덱스 선물"
"엠뚜루마뚜루 : MBC 공식 종합 채널","[놀면뭐하니?] 잘 해주는 거 맞아요...?🤔 오늘도 눈물 날 틈 없이 털린 진주X미주의 마지막 인사💌 | #박진주 #이미주 MBC250531방송","Entertainment","놀면뭐하니, 유재석, 하하, 주우재, 박진주, 이이경, 이미주, 놀면뭐하니?, 릴레이, 뮤직, 버라이어티, 릴레이뮤직버라이어티, 놀뭐, 토요예능, 노래, 도전, 무한확장 유니버스, T70542G, 250531, 놀면뭐하니 박진주, 놀면뭐하니 이미주, 놀면뭐하니 박진주 이미주 하차, 놀면뭐하니 멤버, 놀뭐 멤버, 놀뭐 박진주, 놀뭐 이미주, 스웨덴 카페, 스웨덴 스미르고스토르타"
"엠뚜루마뚜루 : MBC 공식 종합 채널","[나혼자산다] 인형 뽑기 너무 Easy라던 육성재 찾습니다ㅋㅋㅋ🕹 공구 쇼핑과 뽑기에 전 재산 탕진한(?) 육성재의 성수동 나들이👏 | #육성재 MBC250530방송","Entertainment","나혼자산다, 나혼산, 박나래, 기안84, 키, 코드쿤스트, 전현무, 나 혼자, 싱글라이프, 1인 가정, 1인 가구, 독신, 1인가족, 자취, 솔로, 생활, 250530, 육성재, 나혼산 육성재, T70346G"
"엠뚜루마뚜루 : MBC 공식 종합 채널","[전참시] 전참시 멤버들을 위한 효민의 서프라이즈 선물🎁 달걀이 들어가 샛노란 수제 잣기름 난면🍜ㅣ#효민 #이영자 MBC250531방송","Entertainment","전지적참견시점, 전참시, MBC, MBC예능, 토요예능, T70517G, 250531, 티아라, 티아라 효민, 효민, 효민 요리, 효민 인스타, 효민 유튜브, 전참시 효민, 효민 결혼, 효민 신혼, 효민 사업, 효민사와, 이영자, 이영자 전참시, 전참시 먹방, 이영자 먹방, 잣기름, 잣기름 난면, 면 먹방, 먹교수, 먹교수 이영자"
"엠뚜루마뚜루 : MBC 공식 종합 채널","[태계일주4] 구르카 동생들을 위해 전UDT & 조교 선배가 준비한 K-라면+치킨 파티ㅣ#기안84 #이시언 #빠니보틀 #덱스 MBC250601방송","Entertainment","태계일주4, 기안, 기안84, 덱스, 빠니보틀, 빠니, 이시언, 구르카, 라면, 불닭, 치킨, 먹방, 용병 훈련, 셰르파, 태어난김에 세계일주4, 시즌4, 4화, 250601"
"엠뚜루마뚜루 : MBC 공식 종합 채널","[전참시] 먹방계 레전드 찍은 천뚱🍚 전참시 먹방 1시간 14분 모음.zip ㅣ#천뚱 #엠뚜루마뚜루 MBC210529방송","Entertainment","전지적참견시점, 전참시, 천뚱, 홍현희, 시매부, 천뚱TV, 먹방, 휴게소먹방, 라면, 제이쓴, 채민이, 짜파게티"
"엠뚜루마뚜루 : MBC 공식 종합 채널","[전참시] ※최초 공개※ 아이브 (IVE)의 숙소 생활🏚 무대 밖에서는 영락없는 고딩💗ㅣ#아이브 #숙소 MBC220409방송","Entertainment","전지적 참견 시점, 전참시, 아이브, 장원영, 안유진, 이서, 가을, 레이, 리즈, 원영, 유진, 컴백, 숙소, 먹방, 마라탕, 과일, 러브다이브, 요가, 필라테스"
"엠뚜루마뚜루 : MBC 공식 종합 채널","[나혼자산다] '배 곯지 않기 위해선 굶어야 한다' 톱모델 한혜진의 남다른 인생철학 (ง •_•)ง ㅣ#한혜진 #다이어트 #엠뚜루마뚜루 MBC200814방송","Entertainment","엠뚜루마뚜루, 잼모아, 나 혼자 산다, 나혼산, 한혜진, 다이어트, 박나래, 기안84, 기안, 이시언, 성훈, 모델, 한혜진 자기관리, 한혜진 집, 달심, 여은파, 화사, I live alone, han hyejin"
"엠뚜루마뚜루 : MBC 공식 종합 채널","[전참시] 저세상 다리 길이와 유연성💃 원영 & 유진 필라테스부터 카페 핫플 뽀개기⭐ㅣ#아이브 #장원영 #안유진 MBC220409방송","Entertainment","전참시, 전지적 참견시점, 아이브, IVE, 장원영, 안유진, 필라테스, 운동, 자기관리, 카페, 사진, 인스타, 딸기, 이서, 가을, 리즈, 레이, 컴백, 노래, 뮤비, 촬영, 예능, MBC"
"엠뚜루마뚜루 : MBC 공식 종합 채널","[나 혼자 산다] ＂내가 아들인데...💧＂ 부모님이 오셨는데 어쩐지 소외감이 드는 기석씨이다. ㅣ#쌈디 #엠뚜루마뚜루 MBC210507 방송","Entertainment","나 혼자 산다, 나혼자산다, 혼자산다, 나혼자, 나 혼자, 싱글라이프, 1인 가정, 1인 가구, 남자가 혼자 살 때, 독신남, 독신, 1인가족, 무지개, 무지개회원, 자취, 솔로, 생활, 채온, 채채, 쌈디, 쌈디 조카"
"엠뚜루마뚜루 : MBC 공식 종합 채널","[전참시] 아낌없이 탈탈탈~ 한평생 티백을 뜯어온 조나단씨의 밀크티 제조🥛ㅣ#조나단 #엠뚜루마뚜루 MBC211127방송","Entertainment","전참시, 전지적참견시점, 조나단, 콩고, 왕자, 인간극장, 티백극장, 유병재, 유규선, 자취, 서울, 매니저"
"엠뚜루마뚜루 : MBC 공식 종합 채널","[라디오스타] 자타공인 ＂드립의 신＂ 탁재훈 드립 모음.zip (feat. 김구라와 티키타카) | #탁재훈 #엠뚜루마뚜루 MBC170823방송","Entertainment","탁재훈, 김구라, 백지영, 유리, 뮤지, 고은아, 이은결, 유병재, 이지혜, 김국진, 안영미, 라디오스타, 라스, 엠뚜루마뚜루, 라스레전드, 레전드예능, MBC예능"
"엠뚜루마뚜루 : MBC 공식 종합 채널","[#복면가왕] 텐트 취침 싫다고 잉잉 울던 '아빠어디가' 민국이,,  슴살이 되어 돌아왔슴다😭 아빠도 깜~~빡 속은 《복면가왕》 깜짝 무대!ㅣ#김민국 MBC230730방송","Comedy","복면가왕, 민국이, 성주, 김성주, 김민국, 아빠어디가, 아어가, 텐트 취침, 깜짝카메라, 후, 윤후, 준수, 10준수, 민율이, 복가, 무대 레전드, 민국이 노래"
"엠뚜루마뚜루 : MBC 공식 종합 채널","[전참시] 요리까지 완벽한 아빠이자 김태희의 남편✨ 오늘만큼은 레인 oppa가 아닌 레인 appa💗ㅣ#비​​ #엠뚜루마뚜루​​ MBC210306방송","Entertainment","비, 전참시, 레인, 아기, 자녀, 집, 맛집, 요리, 전지적참견시점, 매니저, 노래, 김태희, 비김태희"
"엠뚜루마뚜루 : MBC 공식 종합 채널","[#라디오스타]＂새로운 매형 모집중＂📌＂사연 없는 집은 없습니다＂👪️ 주옥같은 멘트로 듣는 이 웃기고 울리는 소통령 김창옥 | #김창옥 #엠뚜루마뚜루 MBC230524방송","Entertainment","김국진, 김구라, 유세윤, 에피소드, 토크, 스타, 라디오, 라스, 수요예능, MBC, MBC 예능, 라디오스타, 김창옥, 빠니보틀, 홍진호, 박은혜, 소통령, 강의, 강사, 심리, 상담, 명언, 김창옥명언, 연설, 말잘하는법, 김구라김창옥, 김국진김창옥, 똥막대기, 새형, 새 매형"
"엠뚜루마뚜루 : MBC 공식 종합 채널","[라디오스타] 입만 열었다 하면 모두를 초집중 시켜버리는 토크 연금술사!🗣💫 라스 레전드 서현철 모음.zip | #서현철 #엠뚜루마뚜루 MBC150506방송","Entertainment","서현철, 라디오스타, 김국진, 윤종신, 김구라, 규현, 안영미, 레전드토크, 토크왕, 라스레전드, MBC예능, 예능레전드, 레전드예능"
"엠뚜루마뚜루 : MBC 공식 종합 채널","[나 혼자 산다] 꼼데와 키의 숨 막히는 동거,,💖 밀당천재 강아지와 사는 법 (feat. 샤월 편집자도 따라하는 도자key 피부 관리법)| #엠뚜루마뚜루 MBC210319방송","Entertainment","나 혼자 산다, 나혼자산다, 혼자산다, 나혼자, 나 혼자, 싱글라이프, 1인 가정, 1인 가구, 남자가 혼자 살 때, 독신남, 독신, 1인가족, 무지개, 무지개회원, 자취, 솔로, 생활, 키, key, Key, 샤이니Key, 샤이니, SHINee, 샤이니키, 꼼데, 가르송, 키강아지, 샤이니키강아지, 떡볶이, 키피부, 도자키"
"엠뚜루마뚜루 : MBC 공식 종합 채널","[엠뚜루마뚜루] 야, 너도 이번 설은 소식할 수 있어!🤐보기만 해도 식욕 삭제☠ 소식좌.zip | #코쿤 #안영미 #산다라 MBC220114방송","Entertainment","나혼자산다, 전지적참견시점, 라디오스타, 엠뚜루마뚜루, 나혼산, 전참시, 라스, 코드쿤스트, 안영미, 산다라박, 소희, 박소현, 김국진, 소식좌, 소식, 설, 명절, 먹방, 음식, 식욕억제, 식욕폭발, 삼시세끼, 입맛, 잼모아"
"엠뚜루마뚜루 : MBC 공식 종합 채널","[전참시] ✨음식에 진심인 한채영✨ 다이어트 중이지만 하루 종일 어마어마한 칼로리 섭취 중!ㅣ#한채영 #엠뚜루마뚜루 MBC210717방송","Entertainment","전참시, 전지적참견시점, 한채영"
"엠뚜루마뚜루 : MBC 공식 종합 채널","[라디오스타] 복잡한 세상 장항준처럼 살자! 항항항♬ 김은희 작가 남편 장항준 감독의 무한 긍정 토크 | #장항준 #엠뚜루마뚜루 MBC190911방송","Entertainment","장항준, 라디오스타, 김국진, 윤종신, 김구라, 안영미, 김은희, 유세윤, 김이나, 박재정, 라스, MBC예능, 예능레전드, 레전드예능"
"엠뚜루마뚜루 : MBC 공식 종합 채널","[나 혼자 산다] 찐친과 찐남매 그 사이 어딘가 샤이니 키 & 태연의 솔직한 이야기  | #엠뚜루마뚜루 #키 #태연 MBC210319방송","Entertainment","나 혼자 산다, 나혼자산다, 혼자산다, 나혼자, 나 혼자, 싱글라이프, 1인 가정, 1인 가구, 남자가 혼자 살 때, 독신남, 독신, 1인가족, 무지개, 무지개회원, 자취, 솔로, 생활, 샤이니, 키, 태연, 소녀시대"
"엠뚜루마뚜루 : MBC 공식 종합 채널","[나 혼자 산다] ♨하~매운맛에 취한다~♨ 매운맛 찐러버 유이의 불타는 한 상🔥  | #유이 #엠뚜루마뚜루 MBC200612방송","Entertainment","나혼자산다, 나 혼자 산다, 나혼산, 나혼자, 유이, 맵부심, 맵신맵왕, 혼자산다, 나 혼자, 싱글라이프, 1인 가정, 1인 가구, 1인가족, 무지개, 무지개회원, 자취, 솔로, 생활, 불닭소스, 자취생활, 엠뚜루마뚜루, 잼모아"
"엠뚜루마뚜루 : MBC 공식 종합 채널","[전참시] 에피타이저만 몇 개를 먹는지?😅 먹스킬이 남다른! 홍현희 시매부 천뚱 먹방ㅣ#천뚱 #홍현희 #엠뚜루마뚜루 MBC210130방송","Entertainment","전지적참견시점, 토요예능, 참견, 일상, 탐구, 매니저, 연예인, 스타, 생활, 습관, 모습, 행동, 분석, MBC, 이영자, 전현무, 송은이, 양세형, 유병재, 홍현희, 천뚱, 짜파게티, 계란, 먹방, 시매부, 제이쓴, 귤, 햄버거, eatingshow, 츄, foodshow"
"엠뚜루마뚜루 : MBC 공식 종합 채널","[쓰리박] 아내와 아이들에게 세상 스윗한❤️ 박지성의 국대급 육아 스킬부터 제주도 집 공개까지!!ㅣ#박지성 #김민지 #엠뚜루마뚜루 MBC210214방송","Entertainment","쓰리박, 쓰리박 두 번째 심장, 두 번째 심장, 박지성, 김민지, 엠뚜루마뚜루"
"엠뚜루마뚜루 : MBC 공식 종합 채널","[놀면 뭐하니?] 유야호가 쏘아 올린 왕의 귀환🤴 한 클립에 모아보기ㅣ#SG워너비 #유야호 #엠뚜루마뚜루 MBC210417방송","Entertainment","토요예능, 놀면뭐하니, 놀면뭐하니?, 유재석, 유야호, 지미유, 동생, 부캐, MSG워너비, 발라드, 남성, 보컬, 그룹, 블라인드, 면접, 차승원, 이석훈, 김진호, 김용준, SG워너비, 톱10귀, 나이스, Timeless, 살다가, 라라라, 내사람, 히트곡, 메들리, 콘서트, 방구석, 귀호강, 아리랑, 소몰이, 기침나무, 김태호, 김태호pd, 놀면, 뭐하니, 릴레이, 뮤직, 버라이어티, 릴레이뮤직버라이어티, 트로트, 노래, 도전"
"ONE PIECE公式YouTubeチャンネル","【神演技連発】ワンピでジェスチャークイズ！【仲間がいるよTube!!!!】","Film , Animation","ONE PIECE, ワンピース, ワンピ, タカシ, のすけ, オーワ・D・タカシ, のすけ海鮮丼, OSP, オネガイシマス海賊団, オネガイシマス, Another Blue, 仲間がいるよ, 集英社, 少年ジャンプ, ワンピース考察, 尾田栄一郎, 別府由来, ジェスチャークイズ"
"ONE PIECE公式YouTubeチャンネル","【特別版？】Dr.チョッパーの冒険カルテ -実写版おれ編-","Film , Animation","동영상, 공유, 카메라폰, 동영상폰, 무료, 올리기"
"ONE PIECE公式YouTubeチャンネル","ONE PIECE 1132話予告「ジニーへの誓い　父となったくま」","Film , Animation","동영상, 공유, 카메라폰, 동영상폰, 무료, 올리기"
"ONE PIECE公式YouTubeチャンネル","#今週のアニワン　「ひとときの幸せ　くまちーとジニー」 ONE PIECE 1131話","Film , Animation","동영상, 공유, 카메라폰, 동영상폰, 무료, 올리기"
"ONE PIECE公式YouTubeチャンネル","【実写ドラマ】チョッパー遂に世界デビュー！！","Film , Animation","동영상, 공유, 카메라폰, 동영상폰, 무료, 올리기"
"ONE PIECE公式YouTubeチャンネル","【トレジャークルーズ】「ジェイガルシア・サターン聖」が11th Anniv. 超スゴフェス 第2弾に登場！","Film , Animation","동영상, 공유, 카메라폰, 동영상폰, 무료, 올리기"
"ONE PIECE公式YouTubeチャンネル","【実写ドラマ】麦わらの一味が#TUDUM に到着🏴‍☠️","Film , Animation","동영상, 공유, 카메라폰, 동영상폰, 무료, 올리기"
"ONE PIECE公式YouTubeチャンネル","【ワンピ用語当て】新アキネイターチャレンジ！【仲間がいるよTube!!!!】","Film , Animation","ONE PIECE, ワンピース, ワンピ, タカシ, のすけ, オーワ・D・タカシ, のすけ海鮮丼, OSP, オネガイシマス海賊団, オネガイシマス, Another Blue, 仲間がいるよ, 集英社, 少年ジャンプ, ワンピース考察, 尾田栄一郎, アキネイター"
"ONE PIECE公式YouTubeチャンネル","【実写ドラマ】麦わらの一味のパジャマパーティー〜 #TUDUM を観ようぜ！〜","Film , Animation","동영상, 공유, 카메라폰, 동영상폰, 무료, 올리기"
"ONE PIECE公式YouTubeチャンネル","ONE PIECE 1131話予告「ひとときの幸せ　くまちーとジニー」","Film , Animation","동영상, 공유, 카메라폰, 동영상폰, 무료, 올리기"
"ONE PIECE公式YouTubeチャンネル","#今週のアニワン　「消された歴史！絶望のゴッドバレー」 ONE PIECE 1130話","Film , Animation","동영상, 공유, 카메라폰, 동영상폰, 무료, 올리기"
"ONE PIECE公式YouTubeチャンネル","【懐かしワンピ記事！】Vジャンプ32年分のワンピ記事を見返してみた！前編【仲間がいるよTube!!!!】","Film , Animation","ONE PIECE, ワンピース, ワンピ, タカシ, のすけ, オーワ・D・タカシ, のすけ海鮮丼, OSP, オネガイシマス海賊団, オネガイシマス, Another Blue, 仲間がいるよ, 集英社, 少年ジャンプ, ワンピース考察, 尾田栄一郎, Vジャンプ, VJ"
"ONE PIECE公式YouTubeチャンネル","ONE PIECE 1130話予告「消された歴史！絶望のゴッドバレー」","Film , Animation","동영상, 공유, 카메라폰, 동영상폰, 무료, 올리기"
"ONE PIECE公式YouTubeチャンネル","#みんなでワンピース　「くまの過去　死んだ方がいい世界」 ONE PIECE 1129話","Film , Animation","동영상, 공유, 카메라폰, 동영상폰, 무료, 올리기"
"ONE PIECE公式YouTubeチャンネル","【目指せ知識王！】ワンピマニアとナレッジキング対策をしよう！【仲間がいるよTube!!!!】","Film , Animation","ONE PIECE, ワンピース, ワンピ, タカシ, のすけ, オーワ・D・タカシ, のすけ海鮮丼, OSP, オネガイシマス海賊団, オネガイシマス, Another Blue, 仲間がいるよ, 集英社, 少年ジャンプ, ワンピース考察, 尾田栄一郎, ナレッジキング, ナレキン, ONE PIECE知識王"
"ONE PIECE公式YouTubeチャンネル","【トレジャークルーズ】祝11周年！「ナミ from ONE PIECE magazine」が11周年超スゴフェスに登場！","Film , Animation","동영상, 공유, 카메라폰, 동영상폰, 무료, 올리기"
"ONE PIECE公式YouTubeチャンネル","【トレジャークルーズ】祝11周年！「黄猿」が11周年超スゴフェスに登場！","Film , Animation","동영상, 공유, 카메라폰, 동영상폰, 무료, 올리기"
"ONE PIECE公式YouTubeチャンネル","【トレジャークルーズ】祝11周年！「ルフィ＆ゾロ＆サンジ」が11周年超スゴフェスに登場！","Film , Animation","동영상, 공유, 카메라폰, 동영상폰, 무료, 올리기"
"ONE PIECE公式YouTubeチャンネル","ONE PIECE 1129話予告「くまの過去　死んだ方がいい世界」","Film , Animation","동영상, 공유, 카메라폰, 동영상폰, 무료, 올리기"
"ONE PIECE公式YouTubeチャンネル","【クイズPK対決】インペルダウン編～頂上戦争編【仲間がいるよTube!!!!】","Film , Animation","ONE PIECE, ワンピース, ワンピ, タカシ, のすけ, オーワ・D・タカシ, のすけ海鮮丼, OSP, オネガイシマス海賊団, オネガイシマス, Another Blue, 仲間がいるよ, 集英社, 少年ジャンプ, ワンピース考察, 尾田栄一郎, インペルダウン, 頂上戦争"
"ONE PIECE公式YouTubeチャンネル","TVアニメ「ONE PIECE」1000話記念：ウィーアー！","Film , Animation","동영상, 공유, 카메라폰, 동영상폰, 무료, 올리기"
"ONE PIECE公式YouTubeチャンネル","＜オープニング映像フル＞TVアニメ「ONE PIECE」／オープニングテーマ「あーーっす！」歌：きただにひろし","Film , Animation","동영상, 공유, 카메라폰, 동영상폰, 무료, 올리기"
"ONE PIECE公式YouTubeチャンネル","＜主題歌 映像フル＞TVアニメ「ONE PIECE」／「最高到達点」歌：SEKAI NO OWARI","Film , Animation","yt:cc=on"
"ONE PIECE公式YouTubeチャンネル","RADWIMPS「TWILIGHT」full version 〜 ONE PIECE Vol.100/Ep.1000 Celebration Movies""WE ARE ONE.""","Music","#RADWIMPS"
"ONE PIECE公式YouTubeチャンネル","『ONE PIECE』106巻 公式テーマソング「未来島 ~Future Island~」PV","Film , Animation","ONE PIECE, ワンピース, ワンピ, 集英社, 少年ジャンプ, 尾田栄一郎"
"ONE PIECE公式YouTubeチャンネル","GEAR5 (fifth) ""This is my PEAK!"" -ANIME DATE REVEALED TEASER REEL","Film , Animation","동영상, 공유, 카메라폰, 동영상폰, 무료, 올리기"
"ONE PIECE公式YouTubeチャンネル","ウタ - 新時代 (Live at 国立競技場 2022.11.03)","Film , Animation","동영상, 공유, 카메라폰, 동영상폰, 무료, 올리기"
"ONE PIECE公式YouTubeチャンネル","【FILM RED】終映告知／応援に感謝！！","Film , Animation","동영상, 공유, 카메라폰, 동영상폰, 무료, 올리기"
"ONE PIECE公式YouTubeチャンネル","『ONE PIECE FILM RED』予告 Trailer ／8月6日（土）公開","Film , Animation","동영상, 공유, 카메라폰, 동영상폰, 무료, 올리기"
"ONE PIECE公式YouTubeチャンネル","8月6日放送！ルフィの最高地点""ギア５""先行映像！！アニメ「ONE PIECE」","Film , Animation","동영상, 공유, 카메라폰, 동영상폰, 무료, 올리기"
"ONE PIECE公式YouTubeチャンネル","『ONE PIECE FILM RED』第3弾予告 Trailer３／大ヒット上映中！","Film , Animation","동영상, 공유, 카메라폰, 동영상폰, 무료, 올리기"
"ONE PIECE公式YouTubeチャンネル","『ONE PIECE FILM RED』特報 Teaser Trailer 2／8月6日（土）公開","Film , Animation","동영상, 공유, 카메라폰, 동영상폰, 무료, 올리기"
"ONE PIECE公式YouTubeチャンネル","『ONE PIECE』103巻発売記念ムービー「ついにギア５」","Film , Animation","ONE PIECE, ワンピース, ワンピ, ジャンプコミックス, 集英社"
"ONE PIECE公式YouTubeチャンネル","『ONE PIECE FILM RED』第２弾予告 Trailer２／8月6日（土）公開","Film , Animation","동영상, 공유, 카메라폰, 동영상폰, 무료, 올리기"
"ONE PIECE公式YouTubeチャンネル","【ウタ】""ウタ"" LIVE in 日本武道館 2022.07.22 配信特別ver.【UTA】","Film , Animation","동영상, 공유, 카메라폰, 동영상폰, 무료, 올리기"
"ONE PIECE公式YouTubeチャンネル","『ONE PIECE』102巻発売記念ムービー「サンジは託した。ゾロは誓った。」","Film , Animation","동영상, 공유, 카메라폰, 동영상폰, 무료, 올리기"
"ONE PIECE公式YouTubeチャンネル","""ONE PIECE STAMPEDE"" | Official Trailer","Film , Animation","동영상, 공유, 카메라폰, 동영상폰, 무료, 올리기"
"ONE PIECE公式YouTubeチャンネル","『ONE PIECE FILM RED』超特報 Teaser Trailer／2022年8月6日（土）公開","Film , Animation","동영상, 공유, 카메라폰, 동영상폰, 무료, 올리기"
"ONE PIECE公式YouTubeチャンネル","【1000話/1000秒PV】ONE Second From 1000Episodes of ONE PIECE","Film , Animation","동영상, 공유, 카메라폰, 동영상폰, 무료, 올리기"
"ONE PIECE公式YouTubeチャンネル","109巻発売記念MV - ONE PIECE×Mr.Children「HERO」〜きみの味方〜　※109巻を読んでからご覧ください","Film , Animation","동영상, 공유, 카메라폰, 동영상폰, 무료, 올리기"
"Sony Music (Japan)","BABYMONSTER 'Ghost' Promotion Video Teaser","Music","BABYMONSTER, 베이비몬스터, BM, ベビモン, Ghost, 見える子ちゃん, YG, K-POP, BLACKPINK"
"Sony Music (Japan)","PANDORA [Twilight] ライブミュージックビデオ公開！小室哲哉×浅倉大介「PANDORA LIVE 2025 -OPEN THE BOX-」Blu-ray発売！","Music","Tetsuya Komuro, TK, TMN, TM NETWORK, LOVE TRAIN, ソニー, ソニーミュージック, sony music, 邦楽, jpop, jpopmusic, jpops, FREEDOM, CAROL, クローズド・サーキット, 金曜日のライオン, 1974, accessl, Your Song, Come On Let's Dance, Dive Into Your Body, Love Train, Nights Of The Knife, Get Wild Decade Run, Self Control, シティーハンター, CITY HUNTER, アニメ, Anime, JAPAN, FRANCE, PANDORA, 小室哲哉, 宇都宮隆, 木根尚登, 2024, 2023, Whatever Comes, Angie, 天使, エンジェル, 鈴木亮平, Netflix, TMNETFLIX, 映画シティーハンター, CityHunterNetflix, YONMARU"
"Sony Music (Japan)","JETZT - SUNDAY (Official Music Video)","Music","バンドブーム, イカ天, 氷室京介, エピックソニー, ザ・ブーム, レピッシュ, ローグ, ブルーハーツ, ザ・ジャンプス, ザ・ロンドンタイムス, ビートジェネレーション, UK ROCK, U2, THE ALARM, ECHO&THE BUNNYMEN, THE SMITHS, 笹路正徳, 奈良敏博, JETZT, イエッツ, so long dear friend, the new world, 鼓動, SUNDAY, 池上久, 宍倉州吾, 田中潤哉, 内山和一, 田中ヂュンヤ, キャプテン翼, 終わらない夢, kodo, The leathers, 赤と黒, イジワルケイオールスターズ"
"Sony Music (Japan)","JETZT - So Long Dear Friend (Official Music Video)","Music","バンドブーム, イカ天, 氷室京介, エピックソニー, ザ・ブーム, レピッシュ, ローグ, ブルーハーツ, ザ・ジャンプス, ザ・ロンドンタイムス, ビートジェネレーション, UK ROCK, U2, THE ALARM, ECHO&THE BUNNYMEN, THE SMITHS, 笹路正徳, 奈良敏博, JETZT, イエッツ, so long dear friend, the new world, 鼓動, SUNDAY, 池上久, 宍倉州吾, 田中潤哉, 内山和一, 田中ヂュンヤ, キャプテン翼, 終わらない夢, kodo, The leathers, 赤と黒, イジワルケイオールスターズ"
"Sony Music (Japan)","EIKO & HARUA「DREAMER」from「パリピ孔明 THE MOVIE」(作詞作曲:幾田りら)","Music","EIKO, エイコ, えいこ, 月見英子, パリピ孔明, 上白石萌歌, adiru, DREAMER, ドリーマー, 向井理, 神尾楓珠, 詩羽, 宮世琉弥, 八木莉可子, 関口メンディー, 森崎ウィン, 休日課長, 石崎ひゅーい, ELLY, アヴちゃん, 女王蜂, 菅原小春, くっきー！, DJ KOO, 和田聰宏, 長岡亮介, 岩田剛典, 亀井聖矢, &TEAM, 宮野真守, 菊地凛子, ディーン・フジオカ, 森山未來, 幾田りら"
"Sony Music (Japan)","ダミアーノ・デイヴィッド｜Damiano David - 「ネクスト・サマー ｜Next Summer」 (日本語字幕ver)","Music","Maneskin, モーネスキン, オリヴィア, オリヴィアロドリゴ, グラミー, グラミー賞, 洋楽サマソニ, Summersonic, ハリースタイルズ, ベンソンブーン, ダヴキャメロン, オルタナ, Rock, Alternative, ラルク, HYDE, The1975, Arctic Monkeys, King Gnu, 日本語歌詞, フジロック, 藤井風, 歌詞, beggin', ベギン, 和訳, 名曲, Queen, カラオケ, ジョジョ, Billie Eilish, Gucci, I WANNA BE YOUR SLAVE, Zitti E Buoni, MAMMAMIA, ティモシーシャラメ"
"Sony Music (Japan)","ダミアーノ・デイヴィッド｜Damiano David - 「ボーン・ウィズ・ア・ブロークン・ハート ｜Born With a Broken Heart」 (日本語字幕ver)","Music","Maneskin, モーネスキン, オリヴィア, オリヴィアロドリゴ, グラミー, グラミー賞, 洋楽サマソニ, Summersonic, ハリースタイルズ, ベンソンブーン, ダヴキャメロン, オルタナ, Rock, Alternative, ラルク, HYDE, The1975, Arctic Monkeys, King Gnu, 日本語歌詞, フジロック, 藤井風, 歌詞, beggin', ベギン, 和訳, 名曲, Queen, カラオケ, ジョジョ, Billie Eilish, Gucci, I WANNA BE YOUR SLAVE, Zitti E Buoni, MAMMAMIA, ティモシーシャラメ"
"Sony Music (Japan)","ダミアーノ・デイヴィッド｜Damiano David - 「シルヴァーラインズ ｜Silverlines」 (日本語字幕ver)","Music","Maneskin, モーネスキン, オリヴィア, オリヴィアロドリゴ, グラミー, グラミー賞, 洋楽サマソニ, Summersonic, ハリースタイルズ, ベンソンブーン, ダヴキャメロン, オルタナ, Rock, Alternative, ラルク, HYDE, The1975, Arctic Monkeys, King Gnu, 日本語歌詞, フジロック, 藤井風, 歌詞, beggin', ベギン, 和訳, 名曲, Queen, カラオケ, ジョジョ, Billie Eilish, Gucci, I WANNA BE YOUR SLAVE, Zitti E Buoni, MAMMAMIA, ティモシーシャラメ"
"Sony Music (Japan)","高田夏帆 - どんなときも。Music Video","Music","婚前恋あい, 日韓トップテンショー, 혼전 연애, ホンジョン ヨネ, 한일톱텐쇼, 韓日トップテンショー, 風の唄, 全日本忍者選手権, 恋より好きじゃ, ダメですか?, 大航海, 突破ファイル, ちむどんどん, 東京マラソン, 仮面ライダービルド, 石動美空, みーたん, 東京貧困女子。, 裸足で散歩, チェリまほ"
"Sony Music (Japan)","EIKO & shin feat. 幾⽥りら「Sing along!!!」from「パリピ孔明 THE MOVIE」(作詞作曲:幾田りら　編曲:ケンモチヒデフミ)","Music","EIKO, エイコ, えいこ, 月見英子, パリピ孔明, 上白石萌歌, adiru, DREAMER, ドリーマー, 向井理, 神尾楓珠, 詩羽, 宮世琉弥, 八木莉可子, 関口メンディー, 森崎ウィン, 休日課長, 石崎ひゅーい, ELLY, アヴちゃん, 女王蜂, 菅原小春, くっきー！, DJ KOO, 和田聰宏, 長岡亮介, 岩田剛典, 亀井聖矢, &TEAM, 宮野真守, 菊地凛子, ディーン・フジオカ, 森山未來, 幾田りら"
"Sony Music (Japan)","高木正勝×Hana Hope「スタジオ地図 Music Journey vol.2 うたの時間」","Music","スタジオ地図, Studio Chizu, 細田守, アニメ, masakatsu takagi, 高木正勝, うたの時間, 歌の時間, クレモンティーヌ, Clémentine, アン・サリー, Ann Sally, 寺尾紗穂, Saho Terao, 角銅真実, Manami Kakudo, HanaHope, 石若駿, Shun Ishiwaka, オーケストラコンサート, フィルムコンサート, シネマティックオーケストラ, 果てしなきスカーレット, おおかみこども, おおかみこどもの雨と雪, サマーウォーズ, バケモノの子, 竜とそばかすの姫, 未来のミライ, 時をかける少女, きときと, 四本足の踊り, Tanana, たねめみ, ほしぼしのはら, 朝には星を辿って, まだ生まれてもいない大地から, 少年と獣, 風は飛んだ, おかあさんの唄, Mother's song, RainySteps, コスモス, 雨上がりの家, 祝祭, kitokito, Tanememi, Cradle of Myriad Stars, Marginalia Song, Birtheplace of Life"
"Sony Music (Japan)","高木正勝×角銅真実「スタジオ地図 Music Journey vol.2 うたの時間」","Music","スタジオ地図, Studio Chizu, 細田守, アニメ, masakatsu takagi, 高木正勝, うたの時間, 歌の時間, クレモンティーヌ, Clémentine, アン・サリー, Ann Sally, 寺尾紗穂, Saho Terao, 角銅真実, Manami Kakudo, HanaHope, 石若駿, Shun Ishiwaka, オーケストラコンサート, フィルムコンサート, シネマティックオーケストラ, 果てしなきスカーレット, おおかみこども, おおかみこどもの雨と雪, サマーウォーズ, バケモノの子, 竜とそばかすの姫, 未来のミライ, 時をかける少女, きときと, 四本足の踊り, Tanana, たねめみ, ほしぼしのはら, 朝には星を辿って, まだ生まれてもいない大地から, 少年と獣, 風は飛んだ, おかあさんの唄, Mother's song, RainySteps, コスモス, 雨上がりの家, 祝祭, kitokito, Tanememi, Cradle of Myriad Stars, Marginalia Song, Birtheplace of Life"
"Sony Music (Japan)","高木正勝×寺尾紗穂「スタジオ地図 Music Journey vol.2 うたの時間」","Music","スタジオ地図, Studio Chizu, 細田守, アニメ, masakatsu takagi, 高木正勝, うたの時間, 歌の時間, クレモンティーヌ, Clémentine, アン・サリー, Ann Sally, 寺尾紗穂, Saho Terao, 角銅真実, Manami Kakudo, HanaHope, 石若駿, Shun Ishiwaka, オーケストラコンサート, フィルムコンサート, シネマティックオーケストラ, 果てしなきスカーレット, おおかみこども, おおかみこどもの雨と雪, サマーウォーズ, バケモノの子, 竜とそばかすの姫, 未来のミライ, 時をかける少女, きときと, 四本足の踊り, Tanana, たねめみ, ほしぼしのはら, 朝には星を辿って, まだ生まれてもいない大地から, 少年と獣, 風は飛んだ, おかあさんの唄, Mother's song, RainySteps, コスモス, 雨上がりの家, 祝祭, kitokito, Tanememi, Cradle of Myriad Stars, Marginalia Song, Birtheplace of Life"
"Sony Music (Japan)","浅井健一「海水浴」 Live Movie from OVER HEAD POP TOUR FINAL","Music","浅井健一, Kenichi Asai, ベンジー, Benzie, BLANKEY JET CITY, blankeyjetcity, ブランキージェットシティ, AJICO, UA, 椎名林檎, SHERBETS, JUDE, PONTIACS"
"Sony Music (Japan)","浅井健一「ガソリンの揺れかた」 Live Movie from OVER HEAD POP TOUR FINAL","Music","浅井健一, Kenichi Asai, ベンジー, Benzie, BLANKEY JET CITY, blankeyjetcity, ブランキージェットシティ, AJICO, UA, 椎名林檎, SHERBETS, JUDE, PONTIACS"
"Sony Music (Japan)","浅井健一「Hundred Tabasco Airline」 Live Movie from OVER HEAD POP TOUR FINAL","Music","浅井健一, Kenichi Asai, ベンジー, Benzie, BLANKEY JET CITY, blankeyjetcity, ブランキージェットシティ, AJICO, UA, 椎名林檎, SHERBETS, JUDE, PONTIACS"
"Sony Music (Japan)","高木正勝×アン・サリー「スタジオ地図 Music Journey vol.2 うたの時間」","Music","スタジオ地図, Studio Chizu, 細田守, アニメ, masakatsu takagi, 高木正勝, うたの時間, 歌の時間, クレモンティーヌ, Clémentine, アン・サリー, Ann Sally, 寺尾紗穂, Saho Terao, 角銅真実, Manami Kakudo, HanaHope, 石若駿, Shun Ishiwaka, オーケストラコンサート, フィルムコンサート, シネマティックオーケストラ, 果てしなきスカーレット, おおかみこども, おおかみこどもの雨と雪, サマーウォーズ, バケモノの子, 竜とそばかすの姫, 未来のミライ, 時をかける少女, きときと, 四本足の踊り, Tanana, たねめみ, ほしぼしのはら, 朝には星を辿って, まだ生まれてもいない大地から, 少年と獣, 風は飛んだ, おかあさんの唄, Mother's song, RainySteps, コスモス, 雨上がりの家, 祝祭, kitokito, Tanememi, Cradle of Myriad Stars, Marginalia Song, Birtheplace of Life"
"Sony Music (Japan)","五十嵐 悠 starring 綱 啓永 「運命だよな」 Music Video (映画『女神降臨』イメージソング)","Music","女神降臨, 綱啓永, Kōki, 渡邊圭祐, ８LOOM, Kucci, 映画, LINE漫画, yaongyi"
"Sony Music (Japan)","高木正勝×クレモンティーヌ「スタジオ地図 Music Journey vol.2 うたの時間」","Music","スタジオ地図, Studio Chizu, 細田守, アニメ, masakatsu takagi, 高木正勝, うたの時間, 歌の時間, クレモンティーヌ, Clémentine, アン・サリー, Ann Sally, 寺尾紗穂, Saho Terao, 角銅真実, Manami Kakudo, HanaHope, 石若駿, Shun Ishiwaka, オーケストラコンサート, フィルムコンサート, シネマティックオーケストラ, 果てしなきスカーレット, おおかみこども, おおかみこどもの雨と雪, サマーウォーズ, バケモノの子, 竜とそばかすの姫, 未来のミライ, 時をかける少女, きときと, 四本足の踊り, Tanana, たねめみ, ほしぼしのはら, 朝には星を辿って, まだ生まれてもいない大地から, 少年と獣, 風は飛んだ, おかあさんの唄, Mother's song, RainySteps, コスモス, 雨上がりの家, 祝祭, kitokito, Tanememi, Cradle of Myriad Stars, Marginalia Song, Birtheplace of Life"
"Sony Music (Japan)","PANDORA 新曲[336] 先行フル公開！小室哲哉×浅倉大介「PANDORA LIVE 2025 -OPEN THE BOX-」5/28発売Blu-ray より","Music","Tetsuya Komuro, TK, TMN, TM NETWORK, LOVE TRAIN, ソニー, ソニーミュージック, sony music, 邦楽, jpop, jpopmusic, jpops, FREEDOM, CAROL, クローズド・サーキット, 金曜日のライオン, 1974, accessl, Your Song, Come On Let's Dance, Dive Into Your Body, Love Train, Nights Of The Knife, Get Wild Decade Run, Self Control, シティーハンター, CITY HUNTER, アニメ, Anime, JAPAN, FRANCE, PANDORA, 小室哲哉, 宇都宮隆, 木根尚登, 2024, 2023, Whatever Comes, Angie, 天使, エンジェル, 鈴木亮平, Netflix, TMNETFLIX, 映画シティーハンター, CityHunterNetflix, YONMARU"
"Sony Music (Japan)","菅田将暉 『さよならエレジー』","Music","PV, MV, 菅田将暉, さよならエレジー, トドメの接吻、ドメキス、山崎賢人、門脇麦、新木優子、グリーンボーイズ, 横浜流星, 成田凌, 杉野遥亮, 『キセキ ーあの日のソビトー』, 声, 道, キセキ, 松坂桃李, 忽那汐里, 平祐奈, 早織, 奥野瑛太, 野間口徹, 麻生祐未, 小林薫, GReeeeN, 兼重淳, 斉藤ひろし, 小池賢太郎, ジョーカーフィルムズ, 東映"
"Sony Music (Japan)","世界は恋に落ちている／CHiCO with HoneyWorks","Music","PV, MV, CHiCO with HoneyWorks, チコウィズハニーワークス, 世界は恋に落ちている, セカイハコイニオチテイル"
"Sony Music (Japan)","プライド革命／CHiCO with HoneyWorks","Music","PV, MV, CHiCO with HoneyWorks, チコウィズハニーワークス, 東京サマーセッション feat.CHiCO, プライドカクメイ, チコ, CHiCO, プライド革命, 銀魂, ハニワ, HoneyWorks"
"Sony Music (Japan)","REBECCA「フレンズ」(1985.12.25渋谷公会堂）","Music","PV, MV, REBECCA, レベッカ, 『フレンズ』(1985.12.25渋谷公会堂）, フレンズイチキュウハチゴウイチニーニーゴーシブヤコウカイドウ, フレンズ, FRIENDS, BOOWY, 渡辺美里, TMNETWORK, バービーボーイズ, BARBEEBOYS, 大江千里, 尾崎豊, PRINCESSPRINCESS, プリンセス・プリンセス, 小比類巻かほる, SHOW-YA, ハウンドドッグ, HOUNDDOG, 甲斐バンド, ARB, 白井貴子, 佐野元春, 爆風スランプ, 久保田利伸, 米米ＣＬＵＢ, 浜田省吾, THESTREETSLIDERS, ストリートスライダーズ, 岡村靖幸, THEBLUEHEARTS, ブルーハーツ, ジュンスカイウォーカーズ, 浜田麻里"
"Sony Music (Japan)","アイのシナリオ／CHiCO with HoneyWorks","Music","PV, MV, CHiCO with HoneyWorks, チコウィズハニーワークス, アイのシナリオ, アイノシナリオ, HoneyWorks, ハニワ, はにわ, Gom, shito, ゴム, シト, ヤマコ, CHiCO, ちこ, チコ, まじっく快斗, 快斗, かいと, カイト, コナン, キッド, 怪盗キッド"
"Sony Music (Japan)","【MV】鈴木雅之『DADDY ! DADDY ! DO ! feat. 鈴木愛理』TVアニメ「かぐや様は告らせたい？～天才たちの恋愛頭脳戦～」OP主題歌","Music","鈴木雅之, かぐや様は告らせたい, かぐや様, 鈴木愛理, DADDY! DADDY!DO!, アニメOP主題歌, アニソン, ランナウェイ, シャネルズ, ラッツ&スター, スターダスト☆レビュー, め組のひと, 大石昌良, オーイシマサヨシ, ドラマ主題歌, 駐在刑事, 盤上の向日葵, ハケンの品格, 水野良樹, 岡崎体育, アンジェラアキ, ゴスペラーズ, CHEMISTRY, 氣志團, 綾小路翔, ラブドラマティック"
"Sony Music (Japan)","HoneyWorks 『可愛くなりたい feat.成海聖奈（CV.：雨宮天）』","Music","PV, MV, HoneyWorks, ハニーワークス, 可愛くなりたい feat.成海聖奈（CV.：雨宮天）, カワイクナリタイフィーチャリングナルミセナキャラクターボイスアマミヤソラ, ハニワ, 何度だって、好き。, 成海聖奈, 雨宮天, 可愛くなりたい, ナルミセナ"
"Sony Music (Japan)","岡崎体育 『MUSIC VIDEO』Music Video","Music","PV MV 岡崎体育 オカザキタイイク MUSIC VIDEO ミュージックビデオ 岡崎体育, 盆地テクノ, BASIN TECHNO, 家族構成, フレンズ, てっくん, 電気グルーヴ, 石野卓球, 寿司くん, ヤバイTシャツ屋さん, メジャーデビュー, ヴィレッジヴァンガード, MEASURE, ソニーミュージック, SMEレコーズ, Twitter, 冷蔵庫, 星野源, 吉澤嘉代子, α-STATION"
"Sony Music (Japan)","HoneyWorks 『ロメオ -N.Edit-／LIP×LIP(勇次郎・愛蔵／CV.内山昂輝・島﨑信長)』","Music","PV, MV, HoneyWorks, ハニーワークス, ロメオ -N.Edit-／LIP×LIP(勇次郎・愛蔵／CV.内山昴輝・島﨑信長), ロメオニューエディットリップリップユウジロウアイゾウキャラクターボイスウチヤマコウキシマザキノブナガ, ハニワ, 何度だって、好き。, 何度だって, 好き, ロメオ, リップリップ, LIP×LIP, 内山昴輝, 島崎信長, 勇次郎, 愛蔵"
"Sony Music (Japan)","MAN WITH A MISSION 『Raise your flag』","Music","PV, MV, MAN WITH A MISSION, マンウィズアミッション, Raise your flag, レイズユアフラッグ, マンウィズ, MWAM, 狼, オオカミ"
"Sony Music (Japan)","MY FIRST STORY × HYDE – “MUGEN” (from Anime “Demon Slayer: Kimetsu no Yaiba”) Official Music Video","Music","鬼滅の刃, 鬼滅, Kimetsu, Demon Slayer, Myfirststory, マイファス, HYDE, L’Arc-en-Ciel, VAMPS, THE LAST ROCKSTARS, ラルク, ワンオク, GLAY, ハイド, hiro, ヒロ, 絆ノ奇跡, マンウィズ, ミレイ, BL, BOYS LOVE"
"Sony Music (Japan)","HoneyWorks 『東京ウインターセッション feat. 瀬戸口優・榎本夏樹・望月蒼太・早坂あかり・芹沢春輝・合田美桜(CV:神谷浩史・戸松遥・梶裕貴・阿澄佳奈・鈴村健一・豊崎愛生)』","Music","PV, MV, HoneyWorks, ハニーワークス, 東京ウインターセッション feat. 瀬戸口優・榎本夏樹・望月蒼太・早坂あかり・芹沢春輝・合田美桜(CV:神谷浩史・戸松遥・梶裕貴・阿澄佳奈・鈴村健一・豊崎愛生), トウキョウウインターセッション"
"Sony Music (Japan)","IVE 아이브 'WAVE' MV","Music","IVE, 아이브, アイヴ, アイブ, YUJIN, GAEUL, REI, WONYONG, LIZ, LEESEO, 유진, 가을, 레이, 원영, 리즈, 이서, ユジン, ガウル, レイ, ウォニョン, リズ, イソ WAVE, wave, ウェイヴ, ウェイブ, ウェーヴ, ウェーブ, ELEVEN, Classic, LOVE DIVE, Take It, オリジナル, 日本オリジナル, EP, ミニアルバム, DIVE, ダイヴ, ダイブ, ABEMA, オオカミちゃん, 花束とオオカミちゃんには騙されない, I've IVE, Kitsch, I AM, パーフェクトオールキル, パーフェクト, オールキル, ミリオン, スポーツ, テニス, スカッシュ, プール, プールサイド, レコードショップ, CDショップ, パフォーマンス"
"Sony Music (Japan)","MAN WITH A MISSION 『Remember Me』","Music","MAN WITH A MISSION, マンウィズアミッション, マンウィズ, MWAM, 狼, オオカミ, Raise your flag, レイズユアフラッグ, 狼大全集Ⅳ, 狼大全集, Wolf Complete Works VI, Chasing the Horizon Tour 2018 Tour Final in Hanshin Koshien Stadium, Chasing the Horizon, FLY AGAIN 2019, Remember Me, Left Alive, スターライト・シンドローム, ラジエーションハウス, ラジエーションハウス～放射線科の診断レポート～, スクウェア・エニックス, スーパーラグビーサンウルブズ"
"Sony Music (Japan)","HoneyWorks 『日曜日の秘密 feat.濱中翠・成海聖奈（CV.：Gero・雨宮天）』","Music","HoneyWorks, ハニーワークス, ハニワ, 何度だって、好き。, 濱中翠, 成海聖奈, Gero, 雨宮天, 日曜日の秘密, ハマナカミドリ, ナルミセナ"
"Sony Music (Japan)","HoneyWorks 『東京サマーセッション feat.CHiCO』","Music","PV, MV, HoneyWorks, ハニーワークス, 東京サマーセッション feat.CHiCO, トウキョウサマーセッションフィーチャリングサナ, ハニワ, 好きになるその瞬間を。, sana, さなぷり, 東京サマーセッション, CHiCO with HoneyWorks, CHiCO"
"Sony Music (Japan)","カヌレ／CHiCO with HoneyWorks","Music","PV, MV, CHiCO with HoneyWorks, チコウィズハニーワークス, カヌレ, CHiCO, チコ, HoneyWorks, ハニワ, カヌレとウルフ, 泡恋, 水波風南, コラボ"
"Sony Music (Japan)","菅田将暉 『ロングホープ・フィリア』","Music","僕のヒーローアカデミア, ヒロアカ, 緑谷出久, 爆豪勝己, 麗日お茶子, 飯田天哉, 轟焦凍, オールマイト, 山下大輝, 梶裕貴, トドメの接吻, ドメキス, 山崎賢人, 門脇麦, 新木優子, グリーンボーイズ, 横浜流星, 成田凌, 杉野遥亮, 『キセキ ーあの日のソビトー』, 道, キセキ, 松坂桃李, 忽那汐里, 平祐奈, 早織, 奥野瑛太, 野間口徹, 麻生祐未, 小林薫, GReeeeN, 兼重淳, 斉藤ひろし, 小池賢太郎, ジョーカーフィルムズ, 東映, リバースグラフィティ"
"Sony Music (Japan)","ハートの主張／CHiCO with HoneyWorks","Music","PV MV CHiCO with HoneyWorks チコウィズハニーワークス ハートの主張 ハートノシュチョウ CHiCO, CHiCO with HoneyWorks, HoneyWorks, チコ, ハニワ, セカアイ, 世界はiに満ちている, クロスフェード, アオハライド, まじっく快斗, 銀魂, オープニング, 恋のコード, アイのシナリオ, ハートの主張, 世界は恋に落ちている, ユキドケ, identity, 君ガ空コソカナシケレ, 11月の雨, color, ロクベル, LoveLetter, 雪のワルツ, プライド革命, ホーリーフラッグ"
"Sony Music (Japan)","センパイ。／HoneyWorks meets TrySail","Music","PV, MV, HoneyWorks meets TrySail, ハニーワークスミーツトライセイル, センパイ。, センパイ, HoneyWorks, TrySail, 告白実行委員会, 好きになるその瞬間を。, ずっと前から好きでした。, ハニワ, Gom, shito, ヤマコ, 麻倉もも, 雨宮天, 夏川椎菜, 先輩, もちょ, ナンス, 天ちゃん, 花に赤い糸, 明日は君と"
"뜬뜬 DdeunDdeun","[EN] 7회. 정신과 의사 집에서 아침을 ‘스테이크 치즈 샌드위치’｜방문 실비집 by 남창희","Comedy","뜬뜬, 실비집, 남창희, 레시피추천, 리뷰, 영화리뷰, 드라마리뷰, 다이어트, 미라클모닝, 비하인드, cooking, morning, 영양간식, 아침, 아침밥, 썰, 추성훈, recipe, 조남지대, 명상, 힐링, healthy food, 건강집밥, 건강, 지드래곤, 인테리어, 핑계고, 찰스엔터, 감성브이로그, 브이로그, 카더가든, 선우용여, 숏박스, 워크돌, 깡촌캉스, 재친구, 나래식, 오징어게임, 충주시, 강주은, 아옳이, 닥터프렌즈, 쯔양, 스테이크치즈샌드위치, 필리치즈스테이크, steakcheesesandwich, 브런치, 냥집사, 집사, 고양이, 냐옹, 이마트, 와인, 오진승, 김도연아나운서, 라디오, 미스터라디오, 견디, 긍디, 우창윤, 이낙준, 한산이가, 중증외상센터, 아뇨아뇨, 점메추, brunch, 아이유, 차은우, 세븐틴, 한상진, 데블스플랜, 김남주, 한가인, 짠한형, 손석구, 파김치갱, 퀸가비, 의성, 촌캉스, 이동욱, 유재석, 이상이, 고래잇페스타, 고래잇"
"뜬뜬 DdeunDdeun","[EN/JP]양반들의 마을에 게판의 등장이라...⭐ 재밌어지겠네 | 깡촌캉스 EP.2  #유재석 #이동욱 #남창희 #이상이","Comedy","뜬뜬, 핑계고, 깡촌캉스, 촌캉스, 유재석, 이동욱, 남창희, 이상이, 조남지대, 굿보이, 드라마, 핑계고 이동욱, 핑계고 이상이, 유재석 촌캉스, 이동욱 촌캉스, 홍게, 홍게찜, 게 손질법, 홍게라면, 라면 먹방, 삼겹살, 오겹살, 시골여행, 촌캉스추천, 힐링여행, 헐렁여행, 힐링타임, 사촌마을, 의성 사촌마을, 점곡면, 후산정사, 만취당, 포토스팟, 여행지 추천, 의성 산불, 대통령 선거, 사전투표, 뉴스 속보, 사전투표 결과, 사전투표 현황, 개표 현황, 딸기라떼, 산스장, 헬스장, 숲스장, 공스장, 남창희 방귀, 남창희 방구, 이상이 먹방, 샤크닌자, 샤크 플렉스 브리즈 선풍기, 야외 무선 선풍기, 일꾼, 노동 브이로그, 노동 여행, 엠티, 유재석 전화통화, 유재석 딸 나은이, 핑계고 굿즈, 라이어 게임, 엠티 게임 추천, 화장실 문 잠김, 패밀리가 떴다, 패떴, 데블스플랜 감상 후기, 욱동이, 사학루등, 사탄들의학교에루시퍼의등장이라, 풍향고, 핑계고 촌캉스"
"뜬뜬 DdeunDdeun","[EN] 6회. 한상진&박정은 부부 집에서 아침을 ‘레몬소바&모둠튀김’｜방문 실비집 by 남창희","Comedy","뜬뜬, 실비집, 남창희, 레시피추천, 리뷰, 영화리뷰, 드라마리뷰, 다이어트, 미라클모닝, 비하인드, cooking, morning, 영양간식, 아침, 아침밥, 썰, 추성훈, recipe, 조남지대, 명상, 힐링, healthy food, 건강집밥, 건강, 코첼라, 지드래곤, 인테리어, 핑계고, 찰스엔터, 기안장, 감성브이로그, 브이로그, 카더가든, 선우용여, 로제, 숏박스, 워크돌, 백상, 깡촌캉스, 재친구, 나래식, 오징어게임, 충주시, 강주은, 아옳이, 닥터프렌즈, 더미식, 메밀소바, 시원한, 여름별미, buckwheatnoodles, sobanoodles, lemon, 레몬소바, 모둠튀김, 깻잎튀김, 고추튀김, 가지튀김, 계란튀김, 텐동, 단호박튀김, assortmentfries, fritters, 한상진, 박정은, 부산, 공정경제, 최다니엘, BNK썸, 여자농구, 삼성생명, 못다한이야기는핑계고, 웃수저"
"뜬뜬 DdeunDdeun","[EN/JP]헐렁한 계획에 쫓기는 P들의 이야기 | 깡촌캉스 EP.1  #유재석 #이동욱 #남창희 #이상이","Comedy","뜬뜬, 핑계고, 깡촌캉스, 촌캉스, 유재석, 이동욱, 이욱동, 이상이, 남창희, 조남지대, 아직못들었는데, 경북 의성, 의성 여행, 경북 여행, 국내여행, 산불, 의성 산불, 자기전에 보기 좋은, 예능 추천, 플레이리스트, 주말 나들이, 한강, 힐링 예능, 헐렁 예능, 이동욱 핑계고, 수란, 중국집, 짜장면, 맛집추천, 데블스플랜, 데블스플랜2, 선글라스, MINI, 사진관, 단체사진, 여행 플레이리스트, 드라이브, 근교 여행, 근교 나들이, 시끌벅적, 이상이 핑계고, 남창희 핑계고, 실비집, 방문 실비집, 풍향고, 풍향고 2, 풍향고 시즌2, 이동욱 촌캉스, 유재석 이동욱, 놀면뭐하니, 런닝맨, 지역경제, 신곡, 최신곡, 플리추천, 기차여행, 이동길, MBTI, 달라스버거, 영춘원, 옛날 햄버거, 먹방, 이상이 먹방, 유재석 면치기, 유재석 먹방, 넌센스 퀴즈, 난센스"
"뜬뜬 DdeunDdeun","[MV] 나 요즘 파이 됐대 (π) - 메카니즘 (조혜련&페퍼톤스 (PEPPERTONES))","Music","뜬뜬, 핑계고, 유재석, 조혜련, 페퍼톤스, 펩톤, 펩톤 신곡, 고장난타임머신, 유재석 뮤비, 메카니즘, 메커니즘, 핑계고 시상식, 조남지대 뮤비, 이세계아이돌, 진 신곡, 진 Dont say you love me, 보넥도 i feel good, 뮤비 리액션, 최신 노래, 파이, 초코파이, 애플파이, 와이파이, 재밌는 노래, 재밌는 뮤비, 어안렌즈, 어안렌즈 카메라, 스마트폰 촬영, 조혜련 아나까나, 조혜련 가라, 아주가라너아주가, 조혜련 축가"
"뜬뜬 DdeunDdeun","[MV] 고장난 타임머신 - 메카니즘 (조혜련&페퍼톤스 (PEPPERTONES))","Music","뜬뜬, 핑계고, 유재석, 조혜련, 페퍼톤스, 펩톤, 펩톤 신곡, 고장난타임머신, 유재석 뮤비, 메카니즘, 메커니즘, 핑계고 시상식, 조남지대 뮤비, 이세계아이돌, 진 신곡, 진 Dont say you love me, 보넥도 i feel good, 뮤비 리액션, 향수를 불러일으키는, 추억의 플레이리스트, 추억 플리, 옛날 노래, 감성적인 노래"
"뜬뜬 DdeunDdeun","깡촌캉스 공식 예고편｜5/24(토) 오전 9시 첫 공개","Comedy","뜬뜬, 핑계고, 스핀오프, 깡촌캉스, 풍향고, 유재석, 이동욱, 이욱동, 이상이, 남창희, 실비집, 핑계고 이동욱, 핑계고 이상이, 촌캉스, 구름장수, 힐링, 헐렁 타임, 경북 의성, 시골 나들이, 삼시세끼, 여행 예능, 여행지 추천, 국내여행, 틀어놓기 좋은, 플레이리스트, 새로운 예능, 볼거리 추천, 대선, 백상예술대상, 백상 결과"
"뜬뜬 DdeunDdeun","[EN] 5회. 코미디언 부부(강재준&이은형) 집에서 아침을 '스테이크 덮밥'｜방문 실비집 by 남창희","Comedy","뜬뜬, 실비집, 남창희, 레시피추천, 리뷰, 영화리뷰, 드라마리뷰, 다이어트, 미라클모닝, 비하인드, cooking, morning, 영양간식, 아침, 아침밥, 썰, 추성훈, recipe, 조남지대, 명상, 힐링, healthy food, 건강집밥, 건강, 코첼라, 지드래곤, 인테리어, 아기자기, 핑계고, 찰스엔터, 기안장, 감성브이로그, 브이로그, 강재준, 이은형, 현조, 기유TV, 1호가될수없어, 카더가든, 넉살, 선우용여, 로제, 가정의달, 스테이크덮밥, steakricebowl, steakdonburi, 스테이크, 안심, 숏박스, 워크돌, 최대훈, 백상, 깡촌캉스, 재친구, 나래식, 오징어게임, 임우일, 염혜란, 충주시, 강주은, 아옳이, 닥터프렌즈"
"뜬뜬 DdeunDdeun","[EN]먹빵은 핑계고｜EP.78","Comedy","뜬뜬, 핑계고, 유재석, 박보검, 이상이, 김소현, 해품달, 굿보이, 드라마추천, 지석진, 지편한세상, 박보검 핑계고, 이상이 핑계고, 동갑내기는 핑계고, 김고은 핑계고, 키 핑계고, 먹빵, 먹방, 자기전에, 듣기좋은, 노동요, 플레이리스트, 비오는날듣기좋은플리, 비오는날, 바나나, 애플바나나, 신상, 간식, 리뷰, 바구니, 양관식, 폭싹속았수다, 연기수업, 연기 지망생, 한예종, 피크닉, 봄나들이, 근교나들이, 백색소음, 두런두런, 틀어놓기좋은"
"뜬뜬 DdeunDdeun","[EN] 행운의 77회는 핑계고｜EP.77","Comedy","뜬뜬, 핑계고, 유재석, 77, 행운의, 핑계고 77, 김동현, 세라젬, 세라젬 파우제, 키, KEY, 유리, 소녀시대, 샤이니, 행샤이니, 행샤시대, 놀토, 놀뭐, 침범, 영화, 매미킴, 일반인 격투, 야차, 단체생활, 빌런, 닮은꼴, 성격, 결과, 통보, 스포, 드라마, 추천, 자기전에"
"뜬뜬 DdeunDdeun","[EN] 4회. 비주얼 베이커 집에서 아침을 ‘버섯 크림 리소토’｜방문 실비집 by 남창희","Comedy","뜬뜬, 실비집, 남창희, 레시피추천, 리뷰, 영화리뷰, 드라마리뷰, 다이어트, 미라클모닝, 비하인드, cooking, morning, 영양간식, 아침, 아침밥, 썰, 굿데이, 지디, 추성훈, recipe, 조남지대, 명상, 힐링, healthy food, 건강집밥, 건강, creamrisotto, 크림리소토, 버섯리소토, 버섯크림리소토, 제니, 제니케이크, 코첼라, 지드래곤, 씨엘, 맞춤케이크, 누데이크, 베이킹, 제빵, 빵, 피크케이크, 뉴진스, 라이즈, 인테리어, 힙, 힙한인테리어, 감성인테리어, 감성소품, 아기자기, mushroomrisotto, 핑계고, 학씨아저씨, 찰스엔터, 힙레, 기안장, 프리랜서, 감성브이로그, 브이로그, 리사"
"뜬뜬 DdeunDdeun","[EN] 유행어는 핑계고｜EP.76","Comedy","뜬뜬, 핑계고, 유재석, 영화추천, 드라마추천, 명계, 명예계원, 취미 추천, 아재 개그, 굿데이, 채널십오야, 요즘 밈, 밸런스게임, 결과, 업데이트, 최근 소식, 유재석 반말, 유재석 실수, 기념케이크, 코미디, 김영철, 허경환, 유행어, 코첼라, 개그맨, 코미디언, 삼성월렛, 모바일주민등록증, 희극인, 수염, 특급칭찬, 철파엠, 아는형님, 개인기, 강호동, 김희애, 조혜련, 하춘화, 몸개그"
"뜬뜬 DdeunDdeun","[EN] 3회. 성진 스님과 사찰에서 아침을 '참나물 냉파스타'｜방문 실비집 by 남창희","Comedy","뜬뜬, 실비집, 남창희, 레시피추천, 리뷰, 영화리뷰, 드라마리뷰, 다이어트, 미라클모닝, 비하인드, cooking, morning, 영양간식, 아침, 아침밥, 썰, 굿데이, 지디, 추성훈, recipe, 조남지대, 이혼보험, 이광수, 이동욱, 스님, 부처님오신날, 참나물, 봄, 봄나물, 명상, 힐링, 참나물냉파스타, 냉파스타, 파스타, pasta, cold pasta, fusion, 퓨전한식, nature, 자연, tomato, 방울토마토, korean, zen, 불교박람회, 집밥 루틴, 밥도둑, healthy food, 건강집밥, 건강, vegan, 채식, 비건"
"뜬뜬 DdeunDdeun","[EN] 웃수저는 핑계고｜EP.75","Comedy","뜬뜬, 핑계고, 유재석, 강하늘, 유해진, 야당, 야당꾼, 영화추천, 드라마추천, 조세호, 조셉, 명계, 명예계원, 레고, 페라리, 레고 페라리 F1, 취미 추천, 공복 운동, 아재 개그, 두알 리파, 살롱드립, 굿데이, 채널십오야, 칠가이, 요즘 밈, 밸런스게임, 평체 유지, 결과, 업데이트, 최근 소식, 유해진 챌린지, 해진아, 유재석 반말, 유재석 실수, 타짜, 기념케이크, 커피한잔, 커피두세잔, 유연석, 차태현"
"뜬뜬 DdeunDdeun","[EN] 못다 한 이야기는 핑계고｜EP.74","Comedy","뜬뜬, 핑계고, 유재석, 한상진, 최다니엘, 다니엘, 남창희, 미니핑, 한상진 미니핑, 농구 경기, BNK 썸 우승, 박정은, 실비집, 방문실비집, 한상진 와이프, 장발장, 당근케이크, 소금빵, 형사들의수다, 형 수다, 예능 추천, 드라마 요약, 윤석열, 탄핵, 라이브, 세렝게티, 아프리카, 비행기 경유, 에피소드 부자, 에피소드 많은 연예인, 영화 써니데이, 써니데이, 무대인사, 이산, 아산, 우월의식, 과시욕, 골프 거리 측정기, 핑계고 최장 시간, 제일 긴 핑계고, 유재석 이모티콘, 유재석 끝내, 마무리 경례, 맞경례, 한상진 맞경례, 부산 명소, 미스터 라디오, 남창희 라디오, 코디, 아라찐빵, 제주 맛집, 제주도 맛집 추천, 제주도, 제주 여행 추천, 캐리커처, 최다니엘 그림, 헬스장, 근수저, 눈대중, 다이어트, 눈바디, 못다한 이야기"
"뜬뜬 DdeunDdeun","[EN] 2회. 배우 이동휘 집에서 아침을 '사과 샌드위치' ｜ 방문 실비집 by 남창희","Comedy","뜬뜬, 실비집, 남창희, 레시피추천, 리뷰, 영화리뷰, 드라마리뷰, 다이어트, 미라클모닝, 비하인드, cooking, morning, 영양간식, 아침, 아침밥, 인테리어, 소품, 썰, 김수현, 굿데이, 지디, 제니, 추성훈, recipe, 폭싹속았수다, 아이유, 박보검, 애순, 관식, 금명, 김선호, 로비, 이동휘, 사과, 금사과, 샌드위치, 오픈샌드위치, 사과샌드위치, 최초공개, 이동휘집, 최민식, 유해진, 성대모사, 조세호, apple, sandwich, applesandwich, opensandwich, interior, 조남지대, 스우파, 퀸가비, dongwhi, 이혼보험, 이광수, 이동욱"
"뜬뜬 DdeunDdeun","[EN] 웃음 보장은 핑계고｜EP.73","Comedy","뜬뜬, 핑계고, 유재석, 이동욱, 욱동이, wookdong, dongwook, 이광수, kwangsoo, 양세찬, 쑥쑥, 쑥주, 쌥쌥이, 런닝맨 레전드, 지석진, 지편한세상, 이혼보험, tvN 드라마, 드라마 요약, 이혼보험 직급쟁탈전, 핑계고 시상식, 설연휴는 핑계고, 이동욱 핑계고, DO, 도경수, 콩콩팥팥, 콩콩밥밥, 장수털, 환갑잔치, 자기전에, 듣기좋은, 주말 플리, 이동길플리, 플레이리스트, 위키드, 오즈의마법사, 핑계고 논란, 이광수 논란, 핑계고 수란, 수란은 핑계고, 노래방 쪼, 보컬레슨, 축하 짤, 야식 참기, 야식 참는법, 악몽, 꿈, 수면, 키크는법, 식집사, 조세호, 운동습관, 운동루틴, 연예인헬스장, 청실홍실"
"뜬뜬 DdeunDdeun","[EN] 250320 mini핑계고 : 유재석, 엔믹스(해원, 설윤, 배이) @뜬뜬편집실 (OneCam) | EP.21","Comedy","뜬뜬, 핑계고, 핑계고 엔믹스, 엔믹스, 유재석, NMIXX, 해원, 오해원, 배이, 설윤, 믹스토피아, 엔믹스 세계관, 별별별, 동서식품, 크리치오쿠키, 크리치오, 시리얼 추천, 밀키바닐라엔젤, 밀바엔, 나의완벽한비서, 이준혁, 유재석의말하는대로, 말하는대로, 배이 캐스팅 과정, JYP 구내식당, 유기농 식단, 어머님이 누구니, 라면기계, 사내 복지, know about me, 노우어바웃미, 엔믹스 신곡, 현실남매, 연애남매, 설윤 남동생, 배이 남동생, 환장, 케일주스, 블루베리, 커피 러버, 한약, 이티, 영화 이티, 세대차이, 샤이보이, 마돈나, 시크릿, 함, 함진아비, 아이돌 연습생, 연습생 과정, 개인기, 저글링, 별종, 외발자전거, 자기전에, 요즘 아이돌, JYP, 여돌 플리, 플레이리스트"
"뜬뜬 DdeunDdeun","[EN] 1회. 예능 PD 부부 집에서 아침을 '오므라이스' ㅣ 방문 실비집 by 남창희","Comedy","뜬뜬, 실비집, 오므라이스, 남창희, 레시피추천, 리뷰, 영화리뷰, 드라마리뷰, 김치, 다이어트, 회오리계란, 미라클모닝, 달걀요리, 계란요리, 케찹, 돈까스소스, 지구오락실, 놀라운토요일, 지락실, 놀토, 비하인드, 코미디빅리그, 양세찬, 이용진, Omurice, egg cooking, cooking, morning, 영양간식, 아침, 아침밥, 인테리어, 소품, PD, 에그이즈커밍, 나영석, 썰, 육아, 사랑꾼, 딸바보, 예능PD, 김수현, 굿데이, 지디, 제니, 추성훈, recipe, 폭싹속았수다, 아이유, 박보검, 애순, 관식, 금명, 김선호, 로비, 이동휘"
"뜬뜬 DdeunDdeun","[EN] 글로벌 진출은 핑계고ㅣEP.72","Comedy","뜬뜬, 핑계고, 유재석, 이병헌, 양세찬, 아워홈온더고, 온더고도시락, 회추핑, 오징어제육덮밥, 토마토주스, 명예계원, 쑥쑥, 흔한직장인, BH 엔터, BH 워크숍, 해외 워크숍, 박보영, 번지점프를하다, 올인, 광해, 마임, 마임병헌, 이병헌 밈, 이병헌 짤, 이병헌 아 안돼, 안돼, 아 안돼, 싸이, 신동엽, SNL 코리아, 짠한형, I Luv It 뮤비, 오징어게임, 오징어게임2, 넷플릭스, 프론트맨, frontman, Squid Game, 오스카 시상식, 이병헌 오스카, 알 파치노, 마누엘, 밈스타, 이병헌 유퀴즈, 피렌체, 로제, 켈리 클락슨 쇼, 로제 아파트, 임시완 프로방문러, 영화 승부, 승부, 조훈현, 이창호, 휴머니즘, 유머, 아재개그, AZ개그, 한석규, 짜장면 7초, 짜장면 빨리먹기, 팔씨름, 팔씨름 대회, 이병헌 셀카, 아놀드 슈왈제네거 집, 오버더톱"
"뜬뜬 DdeunDdeun","[EN] 설 연휴는 핑계고 ㅣ EP.6","Comedy","뜬뜬, 핑계고, 이동욱, 유재석, 조남지대, 조세호, 남창희, 설연휴, 명절, 귀성길"
"뜬뜬 DdeunDdeun","[EN] 노어플 예쓰위기 실전 여행 START | 풍향고 EP.1 베트남 하노이 #유재석 #황정민 #지석진 #양세찬","Comedy","뜬뜬, 유재석, 황정민, 지석진, 양세찬, 풍향고, 핑계고, 여행, 베트남, 하노이, 사파, hanoi, sapa, travel, YooJaesuk, Hwang Jeongmin, Ji Seokjin, Yang Sechan, ddeunddeun, 바람따라가는여행, 황정민 핑계고, 장마철은핑계고, 노어플여행, 어플없이가는여행, 황정민 말실수, 유재석 여행 예능, 베트남 여행지 추천, 베트남 여행, vietnam"
"뜬뜬 DdeunDdeun","[EN] 돌아온 설 연휴는 핑계고 ㅣ EP.37","Comedy","뜬뜬, 핑계고, 유재석, 이동욱, 공유, 유공이, 욱동이, 조세호, 조셉, 채널조세호, 설연휴, 명절, 특선영화, 영화추천, 트렁크, 킬러들의쇼핑몰, 드라마몰아보기, 드라마추천, 인피니트챌린지, 챌린지, 자기전에, 도깨비, 김고은"
"뜬뜬 DdeunDdeun","[EN] 커피 두세 잔은 핑계고 ㅣ EP.19","Comedy","동영상, 공유, 카메라폰, 동영상폰, 무료, 올리기"
"뜬뜬 DdeunDdeun","[EN] 제1회 핑계고 시상식 ㅣ EP.33","Comedy","뜬뜬, 핑계고, 시상식, 핑계고시상식, 제1회, 드라마추천, 유재석, 지석진, 홍진경, 송지효, 오나라, 미주, 권진아, 나는운이좋았지, 새해노래추천, 연말플레이리스트, 이동욱, 양세형, 중고거래, 별의길, 시집, 시집추천, 남창희, 실비집, 조남지대, 조세호, 키, 링딩동, 샤이니, 기범이, 키범이, 이동휘, 크리스마스, 다비치, 매일크리스마스, 크리스마스플리, 캐롤추천, 8282, 김미김미, 노래방반주, TJ미디어, 이삭토스트, 깁미깁미, 12월"
"뜬뜬 DdeunDdeun","[EN] 커피 한잔은 핑계고 ㅣ EP.8","Comedy","동영상, 공유, 카메라폰, 동영상폰, 무료, 올리기"
"뜬뜬 DdeunDdeun","[EN] 추석 연휴는 핑계고 ㅣ EP.26","Comedy","뜬뜬, 귀성길, 플레이리스트, 차에서듣기좋은, 드라이브, 유재석, 공유, 공지철, 조세호, 양세찬, 토크, 의형제라면, 짜파구리맛있게끓이는법, 짜파구리비율추천, 추석특집, 명절특선, 몰아보기, 몰아보기추천, 스우파레전드"
"뜬뜬 DdeunDdeun","[EN/JP/ES] 편한 동생들은 핑계고 ㅣ EP.12","Comedy","동영상, 공유, 카메라폰, 동영상폰, 무료, 올리기"
"뜬뜬 DdeunDdeun","[EN] 사탄 들려버린 노어플 적응기, 그것 또한 낭만 | 풍향고 EP.2 베트남 하노이 & 사파행 슬리핑 기차 #유재석 #황정민 #지석진 #양세찬","Comedy","뜬뜬, 유재석, 황정민, 지석진, 양세찬, 풍향고, 핑계고, 여행, 베트남, 하노이, 사파, hanoi, sapa, travel, YooJaesuk, Hwang Jeongmin, Ji Seokjin, Yang Sechan, ddeunddeun, 바람따라가는여행, 황정민 핑계고, 장마철은핑계고, 노어플여행, 어플없이가는여행, 황정민 말실수, 유재석 여행 예능, 베트남 여행지 추천, 베트남 여행, vietnam, 황정민 풍향고, 유재석 풍향고, 뜬뜬 풍향고, 뜬뜬 채널, 슬리핑기차, 라오까이역, 미니밴, 무한도전, 옛능, 오분순삭"
"뜬뜬 DdeunDdeun","[EN] 접수 완료는 핑계고 ㅣ EP.54","Comedy","뜬뜬, 핑계고, 유재석, 이광수, 지석진, 양세찬, 인플루언서, 쑥쑥, 런닝맨, runningman, 아시아프린스, 나는솔로, 자기전에, 듣기좋은, 드라마요약, 요즘핫한, 내돈내산, 꿀템추천, 살롱드립, 이동욱, 이욱동, 영화드라마추천, 숏리베이터, 장마철은핑계고, 피크닉은핑계고, 복지콘텐츠"
"뜬뜬 DdeunDdeun","[EN] 수란은 핑계고 ㅣ EP.9-1","Comedy","동영상, 공유, 카메라폰, 동영상폰, 무료, 올리기"
"뜬뜬 DdeunDdeun","[EN] 제2회 핑계고 시상식ㅣEP.63","Comedy","뜬뜬"
"뜬뜬 DdeunDdeun","[EN] 이열치열은 핑계고 ㅣ EP.18","Comedy","동영상, 공유, 카메라폰, 동영상폰, 무료, 올리기"
"뜬뜬 DdeunDdeun","[EN] 겨울나기는 핑계고 ㅣ EP.38","Comedy","뜬뜬, 핑계고, 유재석, 아이유, 양세찬, 쌥쌥이, IU, 겨울나기, 캠핑, 초코퐁듀, 과일퐁듀, 간식, 삶은감자, 감자, 소파, 웃긴짤, 명언, 자기전에, 현실판, 현실, 홀씨, holssi, MVTeaser"
"뜬뜬 DdeunDdeun","[EN] 가짜의 삶은 핑계고 ㅣ EP.11","Comedy","동영상, 공유, 카메라폰, 동영상폰, 무료, 올리기"
"뜬뜬 DdeunDdeun","[EN] 집들이는 핑계고 ㅣ EP.39","Comedy","뜬뜬, 핑계고, 유재석, 차태현, 오나라, 제니, 블랙핑크, 젠득이, 정하, 양세찬, 양치남, 아파트404, 아파트, 예능추천, 완전체, 앞니, 라미네이트, 3월, 나들이추천, 명소추천, 맛집, 토크맛집"
"뜬뜬 DdeunDdeun","[EN] 사파 안개 속 소용돌이 치는 4형제의 희로애락 | 풍향고 EP.3 베트남 사파 #유재석 #황정민 #지석진 #양세찬","Comedy","뜬뜬, 풍향고, 유재석, 황정민, 양세찬, 지석진, 지편한세상, 쑥쑥, 유재석 재산, 핑계고, 사파, 베트남, sapa, 몽빌리지, vietnam, discount, 디스카운트, 할인받는법, 여행, 브이로그, 여행지 추천, 베트남 여행, 베트남의 스위스, 스위스, 스위스 여행, 해외 여행, 풍향고 3, 풍향고 3화, 뉴스, 특보, 핑계고 시상식"
"뜬뜬 DdeunDdeun","[EN] 미스터리는 핑계고 ㅣ EP.16","Comedy","동영상, 공유, 카메라폰, 동영상폰, 무료, 올리기"
"뜬뜬 DdeunDdeun","[EN] 가을맞이는 핑계고 ㅣ EP.22","Comedy","뜬뜬, 핑계고, 송지효, 멍지효, 유재석, 하하, 지석진, 석삼이형, 티키타카, 자기전에, 가을나들이추천, 가을맞이, 가을, 단풍, 장마, 비, 오늘날씨, 마스크걸, 스우파, 리더배틀, 풀영상, Song Ji Hyo"
